date,1m
20061008,2.5319
20061009,2.5522
20061010,2.5739
20061011,2.5864
20061012,2.59
20061013,2.6045
20061016,2.6105
20061017,2.6132
20061018,2.6159
20061019,2.6163
20061020,2.6167
20061023,2.6166
20061024,2.6165
20061025,2.6163
20061026,2.6164
20061027,2.6168
20061030,2.6167
20061031,2.6167
20061101,2.6169
20061102,2.6169
20061103,2.6175
20061106,2.6383
20061107,2.7035
20061108,2.7755
20061109,2.9507
20061110,3.0836
20061113,3.1794
20061114,3.2335
20061115,3.2342
20061116,3.2601
20061117,3.2583
20061120,3.3086
20061121,3.3874
20061122,3.4155
20061123,3.3651
20061124,3.314
20061127,3.2448
20061128,3.1356
20061129,3.1259
20061130,3.0847
20061201,3.016
20061204,2.838
20061205,2.754
20061206,2.7291
20061207,2.7141
20061208,2.6656
20061211,2.627
20061212,2.59
20061213,2.5809
20061214,2.5723
20061215,2.5767
20061218,2.5717
20061219,2.5699
20061220,2.5696
20061221,2.5703
20061222,2.573
20061225,2.5712
20061226,2.5672
20061227,2.5802
20061228,2.5832
20061229,2.5852
20061230,2.5848
20061231,2.5833
20070104,2.5774
20070105,2.5717
20070108,2.5588
20070109,2.5572
20070110,2.5463
20070111,2.5343
20070112,2.5254
20070115,2.5207
20070116,2.5168
20070117,2.5167
20070118,2.5171
20070119,2.5173
20070122,2.518
20070123,2.518
20070124,2.5184
20070125,2.5185
20070126,2.5186
20070129,2.5194
20070130,2.5195
20070131,2.5196
20070201,2.5236
20070202,2.5286
20070205,2.6652
20070206,2.8405
20070207,3.0862
20070208,3.266
20070209,3.6175
20070212,4.0491
20070213,4.0089
20070214,3.9566
20070215,3.162
20070216,2.8076
20070217,2.6557
20070225,2.7036
20070226,2.6964
20070227,2.6891
20070228,2.5326
20070301,2.4624
20070302,2.4225
20070305,2.3073
20070306,2.2561
20070307,2.26
20070308,2.2615
20070309,2.2616
20070312,2.2587
20070313,2.2498
20070314,2.227
20070315,2.2302
20070316,2.2503
20070319,2.3381
20070320,2.3896
20070321,2.411
20070322,2.4212
20070323,2.4365
20070326,2.4588
20070327,2.4983
20070328,2.5819
20070329,2.6427
20070330,2.6809
20070402,2.6955
20070403,2.7075
20070404,2.7333
20070405,2.7559
20070406,2.8552
20070409,2.9228
20070410,2.9863
20070411,3.0406
20070412,3.0465
20070413,3.0815
20070416,3.3444
20070417,3.4674
20070418,3.7489
20070419,4.197
20070420,4.33
20070423,4.4014
20070424,4.4443
20070425,4.3539
20070426,4.1441
20070427,3.8855
20070428,2.9779
20070429,2.7349
20070430,2.5498
20070508,2.6505
20070509,2.7114
20070510,2.77
20070511,3.0365
20070514,3.176
20070515,3.14
20070516,3.1272
20070517,3.0121
20070518,2.9143
20070521,2.973
20070522,2.999
20070523,3.0109
20070524,3.0169
20070525,3.0193
20070528,3.0141
20070529,3.0144
20070530,3.0177
20070531,3.0327
20070601,3.0357
20070604,3.0444
20070605,3.0399
20070606,3.0316
20070607,2.9691
20070608,2.973
20070611,2.9713
20070612,2.9938
20070613,3.0056
20070614,3.034
20070615,3.0495
20070618,3.1327
20070619,3.1336
20070620,3.1271
20070621,3.0932
20070622,3.0729
20070625,3.0617
20070626,3.0051
20070627,2.9985
20070628,2.9996
20070629,3.0502
20070702,3.0808
20070703,3.0706
20070704,3.0354
20070705,3.0262
20070706,3.093
20070709,3.1432
20070710,3.2286
20070711,3.266
20070712,3.239
20070713,3.2419
20070716,3.2539
20070717,3.1797
20070718,3.0513
20070719,3.0203
20070720,3.0105
20070723,3.0155
20070724,3.0184
20070725,3.0015
20070726,2.9941
20070727,2.9719
20070730,2.9758
20070731,2.9778
20070801,2.9768
20070802,2.9689
20070803,2.9537
20070806,2.9092
20070807,2.8805
20070808,2.8678
20070809,2.8613
20070810,2.8564
20070813,2.8387
20070814,2.8255
20070815,2.8194
20070816,2.8077
20070817,2.809
20070820,2.8073
20070821,2.7686
20070822,2.815
20070823,2.7979
20070824,2.7709
20070827,2.6983
20070828,2.751
20070829,2.824
20070830,2.8587
20070831,2.8846
20070903,2.9081
20070904,2.9625
20070905,3.0903
20070906,3.2956
20070907,3.4738
20070910,3.8531
20070911,4.1363
20070912,4.2871
20070913,4.4456
20070914,4.6451
20070917,5.3337
20070918,5.8717
20070919,6.3635
20070920,7.0789
20070921,7.2733
20070924,7.1055
20070925,7.1711
20070926,7.0256
20070927,6.6504
20070928,3.4495
20070929,3.1827
20070930,3.1453
20071008,3.1782
20071009,3.2978
20071010,3.318
20071011,3.3874
20071012,3.4038
20071015,3.5668
20071016,3.7896
20071017,3.8122
20071018,4.5113
20071019,5.4258
20071022,7.2128
20071023,7.5053
20071024,7.4802
20071025,7.7742
20071026,8.8271
20071029,4.0065
20071030,4.2873
20071031,3.7134
20071101,3.8813
20071102,4.3229
20071105,4.5621
20071106,4.699
20071107,5.7794
20071108,5.7601
20071109,5.4863
20071112,5.3968
20071113,5.5011
20071114,5.5088
20071115,5.4853
20071116,5.3393
20071119,5.2143
20071120,5.0986
20071121,4.9957
20071122,4.7574
20071123,4.5771
20071126,4.2413
20071127,4.0948
20071128,4.0316
20071129,4.4768
20071130,4.5365
20071203,4.6047
20071204,4.8627
20071205,4.6646
20071206,4.6447
20071207,4.1427
20071210,4.1673
20071211,4.4289
20071212,4.7914
20071213,4.7326
20071214,4.6057
20071217,4.347
20071218,4.2634
20071219,4.0395
20071220,3.7146
20071221,3.5026
20071224,3.2342
20071225,3.1323
20071226,3.1381
20071227,3.1419
20071228,3.1511
20071229,3.6136
20080102,3.6792
20080103,3.4737
20080104,3.3918
20080107,3.3197
20080108,3.3025
20080109,3.3371
20080110,3.3555
20080111,3.3419
20080114,3.3041
20080115,3.343
20080116,3.4424
20080117,3.6397
20080118,3.566
20080121,3.9284
20080122,4.077
20080123,4.0967
20080124,4.0344
20080125,4.0176
20080128,4.0158
20080129,3.9653
20080130,3.6533
20080131,3.5386
20080201,3.4674
20080202,3.3605
20080203,3.3071
20080204,3.2063
20080205,3.1267
20080213,3.1976
20080214,3.125
20080215,3.0941
20080218,3.1884
20080219,3.6029
20080220,3.7982
20080221,3.8795
20080222,3.9457
20080225,3.9834
20080226,3.9815
20080227,3.8279
20080228,3.7197
20080229,3.5356
20080303,3.3483
20080304,3.2489
20080305,3.2507
20080306,3.1744
20080307,3.1091
20080310,3.2005
20080311,3.1854
20080312,3.156
20080313,3.1395
20080314,3.1649
20080317,3.2046
20080318,3.2108
20080319,3.2156
20080320,3.2145
20080321,3.2093
20080324,3.2139
20080325,3.2302
20080326,3.2339
20080327,3.2366
20080328,3.2766
20080331,3.2957
20080401,3.3039
20080402,3.3183
20080403,3.3685
20080407,3.5117
20080408,3.6742
20080409,3.6677
20080410,3.7118
20080411,3.4565
20080414,3.3577
20080415,3.3558
20080416,3.3292
20080417,3.3047
20080418,3.271
20080421,3.2817
20080422,3.2896
20080423,3.2598
20080424,3.304
20080425,3.3327
20080428,3.3679
20080429,3.4133
20080430,3.434
20080504,3.419
20080505,3.412
20080506,3.4105
20080507,3.4713
20080508,3.4933
20080509,3.4339
20080512,3.4259
20080513,3.6789
20080514,3.6541
20080515,3.6595
20080516,3.6763
20080519,3.7351
20080520,3.7404
20080521,3.6783
20080522,3.6852
20080523,3.5212
20080526,3.5411
20080527,3.5788
20080528,3.5978
20080529,3.6019
20080530,3.544
20080602,3.4924
20080603,3.5461
20080604,3.5858
20080605,3.5279
20080606,3.5099
20080610,4.1952
20080611,4.3414
20080612,4.232
20080613,4.1022
20080616,4.0774
20080617,3.9919
20080618,3.9692
20080619,3.9599
20080620,3.9841
20080623,3.7201
20080624,3.7007
20080625,3.7278
20080626,3.7128
20080627,3.7548
20080630,3.7352
20080701,3.7256
20080702,3.7508
20080703,3.698
20080704,3.5999
20080707,3.4152
20080708,3.3925
20080709,3.3295
20080710,3.3229
20080711,3.2768
20080714,3.3013
20080715,3.2592
20080716,3.3351
20080717,3.2694
20080718,3.2441
20080721,3.2841
20080722,3.3059
20080723,3.2619
20080724,3.2478
20080725,3.2291
20080728,3.2668
20080729,3.4269
20080730,3.3861
20080731,3.3677
20080801,3.3895
20080804,3.5291
20080805,3.6288
20080806,3.4906
20080807,3.4286
20080808,3.3467
20080811,3.3615
20080812,3.3063
20080813,3.2729
20080814,3.2533
20080815,3.2588
20080818,3.3776
20080819,3.396
20080820,3.2844
20080821,3.2561
20080822,3.2595
20080825,3.2504
20080826,3.2325
20080827,3.2221
20080828,3.2168
20080829,3.2167
20080901,3.2426
20080902,3.2262
20080903,3.2158
20080904,3.2127
20080905,3.2153
20080908,3.2099
20080909,3.204
20080910,3.2215
20080911,3.2076
20080912,3.2034
20080916,3.2149
20080917,3.2037
20080918,3.2842
20080919,3.3653
20080922,3.7054
20080923,3.8342
20080924,3.7972
20080925,3.6968
20080926,3.5445
20080927,3.4513
20080928,3.467
20081006,3.4062
20081007,3.4013
20081008,3.4133
20081009,3.4074
20081010,3.317
20081013,3.2679
20081014,3.2766
20081015,3.1824
20081016,3.1437
20081017,3.114
20081020,3.0892
20081021,3.0581
20081022,3.0524
20081023,3.0908
20081024,3.096
20081027,3.0867
20081028,3.0607
20081029,3.0332
20081030,3.021
20081031,3.0108
20081103,3.0034
20081104,3.0178
20081105,3.024
20081106,3.0176
20081107,2.9822
20081110,2.9679
20081111,2.967
20081112,2.9615
20081113,2.9426
20081114,2.9266
20081117,2.9178
20081118,2.9043
20081119,2.8868
20081120,2.8642
20081121,2.7935
20081124,2.7725
20081125,2.7929
20081126,2.7869
20081127,2.3108
20081128,2.2833
20081201,2.1736
20081202,2.1364
20081203,2.1162
20081204,2.1077
20081205,2.0997
20081208,2.135
20081209,2.0417
20081210,1.9248
20081211,1.7815
20081212,1.7128
20081215,1.6519
20081216,1.669
20081217,1.5083
20081218,1.4774
20081219,1.4579
20081222,1.3465
20081223,1.3201
20081224,1.3126
20081225,1.3108
20081226,1.299
20081229,1.2724
20081230,1.2339
20081231,1.2258
20090104,1.2178
20090105,1.215
20090106,1.1417
20090107,1.1256
20090108,1.125
20090109,1.1286
20090112,1.1217
20090113,1.1358
20090114,1.1
20090115,1.11
20090116,1.1271
20090119,1.1226
20090120,1.095
20090121,1.0777
20090122,1.1042
20090123,1.1144
20090124,1.107
20090201,1.095
20090202,1.08
20090203,1.0888
20090204,1.0775
20090205,1.0708
20090206,1.065
20090209,1.0564
20090210,1.0538
20090211,1.0548
20090212,1.0654
20090213,1.0679
20090216,1.0693
20090217,1.0583
20090218,1.0592
20090219,1.0567
20090220,1.0525
20090223,1.0493
20090224,1.0442
20090225,1.0418
20090226,1.0358
20090227,1.035
20090302,1.0386
20090303,1.0302
20090304,1.0341
20090305,1.031
20090306,1.035
20090309,1.0375
20090310,1.0314
20090311,1.0313
20090312,1.0293
20090313,1.0254
20090316,1.0296
20090317,1.0292
20090318,1.0271
20090319,1.0304
20090320,1.0313
20090323,1.0319
20090324,1.0315
20090325,1.029
20090326,1.0296
20090327,1.0275
20090330,1.0263
20090331,1.0285
20090401,1.025
20090402,1.0283
20090403,1.0279
20090407,1.0215
20090408,1.0201
20090409,1.0249
20090410,1.0242
20090413,1.0263
20090414,1.023
20090415,1.0191
20090416,1.0186
20090417,1.0166
20090420,1.0155
20090421,1.0188
20090422,1.0183
20090423,1.0183
20090424,1.0186
20090427,1.0211
20090428,1.0188
20090429,1.0207
20090430,1.0258
20090504,1.0263
20090505,1.0253
20090506,1.025
20090507,1.0237
20090508,1.0221
20090511,1.0271
20090512,1.0228
20090513,1.02
20090514,1.0192
20090515,1.0166
20090518,1.0143
20090519,1.0153
20090520,1.0151
20090521,1.0143
20090522,1.0133
20090525,1.0219
20090526,1.0293
20090527,1.0321
20090531,1.0271
20090601,1.0271
20090602,1.0271
20090603,1.0258
20090604,1.029
20090605,1.0274
20090608,1.0278
20090609,1.0275
20090610,1.0325
20090611,1.0361
20090612,1.035
20090615,1.036
20090616,1.0334
20090617,1.038
20090618,1.0409
20090619,1.1088
20090622,1.1883
20090623,1.2142
20090624,1.245
20090625,1.2555
20090626,1.2717
20090629,1.2808
20090630,1.3008
20090701,1.2998
20090702,1.3025
20090703,1.305
20090706,1.3158
20090707,1.3258
20090708,1.3313
20090709,1.3433
20090710,1.3524
20090713,1.3758
20090714,1.3938
20090715,1.4117
20090716,1.4417
20090717,1.4672
20090720,1.5125
20090721,1.606
20090722,1.6492
20090723,1.6733
20090724,1.6433
20090727,1.6608
20090728,1.6868
20090729,1.6974
20090730,1.7475
20090731,1.753
20090803,1.7484
20090804,1.739
20090805,1.7451
20090806,1.7527
20090807,1.7452
20090810,1.7383
20090811,1.7403
20090812,1.7393
20090813,1.7339
20090814,1.7235
20090817,1.7169
20090818,1.7156
20090819,1.703
20090820,1.6965
20090821,1.6778
20090824,1.652
20090825,1.634
20090826,1.6254
20090827,1.6133
20090828,1.6096
20090831,1.6063
20090901,1.6032
20090902,1.6033
20090903,1.6167
20090904,1.6274
20090907,1.6293
20090908,1.6304
20090909,1.6341
20090910,1.6364
20090911,1.644
20090914,1.6497
20090915,1.6511
20090916,1.656
20090917,1.6724
20090918,1.6734
20090921,1.6746
20090922,1.6902
20090923,1.706
20090924,1.7102
20090925,1.719
20090927,1.7219
20090928,1.7237
20090929,1.7383
20090930,1.7438
20091009,1.7434
20091010,1.7333
20091012,1.7374
20091013,1.7373
20091014,1.7339
20091015,1.7339
20091016,1.7306
20091019,1.7291
20091020,1.725
20091021,1.725
20091022,1.723
20091023,1.7162
20091026,1.7144
20091027,1.7133
20091028,1.7095
20091029,1.7074
20091030,1.7072
20091102,1.7076
20091103,1.7097
20091104,1.706
20091105,1.7083
20091106,1.7095
20091109,1.7075
20091110,1.7082
20091111,1.7064
20091112,1.7075
20091113,1.7069
20091116,1.7071
20091117,1.7119
20091118,1.7138
20091119,1.7135
20091120,1.7175
20091123,1.7184
20091124,1.7223
20091125,1.7257
20091126,1.7265
20091127,1.7263
20091130,1.7254
20091201,1.7236
20091202,1.7248
20091203,1.7226
20091204,1.7236
20091207,1.7239
20091208,1.7261
20091209,1.7281
20091210,1.7275
20091211,1.7293
20091214,1.7308
20091215,1.7339
20091216,1.7353
20091217,1.7333
20091218,1.733
20091221,1.7436
20091222,1.7509
20091223,1.7644
20091224,1.7707
20091225,1.7865
20091228,1.7938
20091229,1.7975
20091230,1.799
20091231,1.7945
20100104,1.7728
20100105,1.758
20100106,1.7513
20100107,1.7444
20100108,1.7463
20100111,1.7401
20100112,1.7392
20100113,1.7426
20100114,1.7448
20100115,1.7426
20100118,1.7371
20100119,1.7368
20100120,1.7375
20100121,1.7397
20100122,1.7396
20100125,1.7431
20100126,1.7467
20100127,1.7563
20100128,1.8074
20100129,1.8129
20100201,1.8311
20100202,1.8421
20100203,1.8511
20100204,1.8503
20100205,1.8545
20100208,1.8539
20100209,1.881
20100210,1.8975
20100211,2.065
20100212,2.0106
20100220,2.0142
20100221,1.9191
20100222,1.8679
20100223,1.8569
20100224,1.8569
20100225,1.8533
20100226,1.8561
20100301,1.844
20100302,1.8358
20100303,1.8341
20100304,1.8363
20100305,1.8361
20100308,1.8419
20100309,1.8379
20100310,1.834
20100311,1.8299
20100312,1.8189
20100315,1.8019
20100316,1.7927
20100317,1.7879
20100318,1.7836
20100319,1.7792
20100322,1.7753
20100323,1.7682
20100324,1.7652
20100325,1.7629
20100326,1.7603
20100329,1.7532
20100330,1.7461
20100331,1.7403
20100401,1.7375
20100402,1.7402
20100406,1.7392
20100407,1.7442
20100408,1.7471
20100409,1.7475
20100412,1.7471
20100413,1.7468
20100414,1.7474
20100415,1.7478
20100416,1.7463
20100419,1.7464
20100420,1.7459
20100421,1.7438
20100422,1.7406
20100423,1.7426
20100426,1.7473
20100427,1.7465
20100428,1.7472
20100429,1.7474
20100430,1.7562
20100504,1.7614
20100505,1.7668
20100506,1.7704
20100507,1.7783
20100510,1.7817
20100511,1.7881
20100512,1.7918
20100513,1.7938
20100514,1.7954
20100517,1.7986
20100518,1.7988
20100519,1.8017
20100520,1.8113
20100521,1.8715
20100524,1.943
20100525,2.0482
20100526,2.1917
20100527,2.3117
20100528,2.3792
20100531,2.4967
20100601,2.9348
20100602,3.0533
20100603,3.0633
20100604,2.9692
20100607,2.9367
20100608,2.9675
20100609,2.9717
20100610,3.0107
20100611,3.0833
20100612,3.1628
20100613,3.184
20100617,3.2233
20100618,3.3567
20100621,3.5542
20100622,3.76
20100623,3.8796
20100624,3.9942
20100625,4.0525
20100628,3.9075
20100629,3.8904
20100630,3.883
20100701,3.5092
20100702,3.3483
20100705,3.1533
20100706,2.9808
20100707,2.82
20100708,2.715
20100709,2.6214
20100712,2.595
20100713,2.5296
20100714,2.4624
20100715,2.3936
20100716,2.375
20100719,2.4158
20100720,2.4008
20100721,2.3358
20100722,2.3008
20100723,2.2575
20100726,2.2492
20100727,2.2275
20100728,2.1906
20100729,2.175
20100730,2.1575
20100802,2.1525
20100803,2.1292
20100804,2.1171
20100805,2.1092
20100806,2.1129
20100809,2.1108
20100810,2.1158
20100811,2.1404
20100812,2.1292
20100813,2.1358
20100816,2.1376
20100817,2.1462
20100818,2.1479
20100819,2.1508
20100820,2.1452
20100823,2.1383
20100824,2.14
20100825,2.1425
20100826,2.1608
20100827,2.3636
20100830,2.5908
20100831,2.8433
20100901,2.9017
20100902,2.8017
20100903,2.75
20100906,2.6225
20100907,2.5967
20100908,2.5792
20100909,2.5626
20100910,2.6242
20100913,2.8392
20100914,3.0933
20100915,3.2661
20100916,3.3158
20100917,3.3629
20100919,3.2708
20100920,3.2342
20100921,3.4392
20100925,3.4592
20100926,3.5517
20100927,3.6258
20100928,3.7283
20100929,3.7592
20100930,3.5067
20101008,3.075
20101009,2.8464
20101011,2.7631
20101012,2.639
20101013,2.545
20101014,2.4583
20101015,2.44
20101018,2.4758
20101019,2.5354
20101020,2.6467
20101021,2.6654
20101022,2.6635
20101025,2.6136
20101026,2.6185
20101027,2.6429
20101028,2.6471
20101029,2.6564
20101101,2.6571
20101102,2.651
20101103,2.6492
20101104,2.6498
20101105,2.6329
20101108,2.6238
20101109,2.6253
20101110,2.5921
20101111,2.6058
20101112,2.6167
20101115,2.63
20101116,2.6352
20101117,2.6322
20101118,2.6455
20101119,2.678
20101122,2.8772
20101123,3.0189
20101124,3.2658
20101125,3.4383
20101126,3.5017
20101129,3.5963
20101130,3.71
20101201,3.895
20101202,3.815
20101203,3.8163
20101206,3.7655
20101207,3.5938
20101208,3.7625
20101209,3.7525
20101210,3.845
20101213,3.8129
20101214,3.9592
20101215,4.0975
20101216,4.1983
20101217,4.3035
20101220,4.3297
20101221,4.491
20101222,4.7952
20101223,5.1767
20101224,5.743
20101227,6.0678
20101228,6.1827
20101229,6.21
20101230,6.2217
20101231,6.169
20110104,4.4711
20110105,4.1676
20110106,4.1188
20110107,3.9565
20110110,3.9007
20110111,3.8782
20110112,3.8569
20110113,3.8299
20110114,3.8204
20110117,4.1505
20110118,4.4708
20110119,5.2633
20110120,6.735
20110121,7.4775
20110124,7.9417
20110125,8.13
20110126,8.1258
20110127,8.1392
20110128,8.13
20110130,8.1118
20110131,8.1318
20110201,6.625
20110209,5.5818
20110210,5.3151
20110211,5.1129
20110212,4.7917
20110214,4.4325
20110215,4.4292
20110216,4.4817
20110217,4.3436
20110218,4.3814
20110221,5.215
20110222,5.3383
20110223,5.1042
20110224,4.8545
20110225,4.8413
20110228,4.7503
20110301,4.4535
20110302,4.2138
20110303,4.0445
20110304,4.0075
20110307,3.7679
20110308,3.7475
20110309,3.618
20110310,3.7062
20110311,3.6936
20110314,3.7425
20110315,3.9108
20110316,3.9639
20110317,3.9342
20110318,3.8817
20110321,3.909
20110322,3.91
20110323,3.8799
20110324,3.8606
20110325,3.8509
20110328,3.8484
20110329,3.6517
20110330,3.5989
20110331,3.59
20110401,3.565
20110402,3.5343
20110406,3.522
20110407,3.5109
20110408,3.5217
20110411,3.5128
20110412,3.5132
20110413,3.4976
20110414,3.4756
20110415,3.4479
20110418,3.4625
20110419,3.4629
20110420,3.5039
20110421,4.0058
20110422,4.2225
20110425,4.4425
20110426,4.6149
20110427,4.5172
20110428,4.3444
20110429,4.1433
20110503,3.9708
20110504,3.8824
20110505,3.6765
20110506,3.5907
20110509,3.6158
20110510,3.628
20110511,3.6542
20110512,3.7142
20110513,3.93
20110516,4.5592
20110517,4.63
20110518,4.5808
20110519,4.5058
20110520,4.4949
20110523,4.89
20110524,5.1233
20110525,5.3367
20110526,5.36
20110527,5.0908
20110530,4.734
20110531,4.6269
20110601,4.4299
20110602,4.4954
20110603,4.584
20110607,4.6025
20110608,4.8667
20110609,5.1317
20110610,5.3242
20110613,5.395
20110614,5.4417
20110615,7.1625
20110616,7.3708
20110617,7.3895
20110620,7.4458
20110621,7.5583
20110622,7.5683
20110623,7.9167
20110624,7.8857
20110627,7.9225
20110628,7.755
20110629,7.7363
20110630,7.5666
20110701,7.2727
20110704,6.6792
20110705,6.396
20110706,6.4292
20110707,6.0717
20110708,5.8892
20110711,5.545
20110712,5.3214
20110713,5.2603
20110714,5.2627
20110715,5.3109
20110718,5.42
20110719,5.445
20110720,5.9083
20110721,6.6117
20110722,6.9975
20110725,6.6608
20110726,6.6692
20110727,6.5833
20110728,6.428
20110729,6.2651
20110801,5.7242
20110802,5.3972
20110803,5.1933
20110804,5.01
20110805,5.0444
20110808,5.0313
20110809,5.0583
20110810,5.0038
20110811,4.9725
20110812,4.9842
20110815,4.8707
20110816,4.8367
20110817,4.8861
20110818,5.07
20110819,5.4275
20110822,5.4663
20110823,5.4797
20110824,5.2292
20110825,5.14
20110826,5.015
20110829,5.2858
20110830,5.3277
20110831,5.4033
20110901,5.4242
20110902,5.58
20110905,5.6608
20110906,5.6708
20110907,5.5069
20110908,5.3543
20110909,5.0942
20110913,5.065
20110914,5.3
20110915,5.2583
20110916,5.2149
20110919,5.4267
20110920,5.685
20110921,5.8408
20110922,5.9258
20110923,5.88
20110926,5.8733
20110927,5.7011
20110928,5.815
20110929,5.8242
20110930,5.9167
20111008,5.4838
20111009,5.2758
20111010,5.2975
20111011,5.2396
20111012,5.3258
20111013,5.29
20111014,5.3292
20111017,5.0558
20111018,5.0626
20111019,5.0044
20111020,4.9775
20111021,4.9608
20111024,4.9667
20111025,5.101
20111026,5.145
20111027,5.3269
20111028,5.8317
20111031,5.9107
20111101,5.6958
20111102,5.2208
20111103,5.1758
20111104,5.0775
20111107,4.9242
20111108,4.9133
20111109,4.5819
20111110,4.6075
20111111,4.5358
20111114,4.5358
20111115,4.5622
20111116,4.6345
20111117,4.8814
20111118,4.9232
20111121,5.145
20111122,5.3083
20111123,5.2993
20111124,5.3211
20111125,5.3208
20111128,5.1583
20111129,5.1517
20111130,4.8033
20111201,4.7028
20111202,4.608
20111205,4.6271
20111206,4.6543
20111207,4.6969
20111208,4.8042
20111209,4.5743
20111212,4.8814
20111213,4.9194
20111214,4.7305
20111215,5.0975
20111216,5.0583
20111219,5.39
20111220,5.5708
20111221,5.865
20111222,5.8917
20111223,5.8172
20111226,5.8097
20111227,5.8511
20111228,5.85
20111229,5.85
20111230,5.99
20111231,6
20120104,5.9133
20120105,5.8494
20120106,5.9483
20120109,5.9351
20120110,5.9339
20120111,5.9484
20120112,5.8467
20120113,6.1918
20120116,6.91
20120117,7.7992
20120118,9.2356
20120119,7.5842
20120120,6.025
20120121,5.4792
20120129,5.4142
20120130,5.4208
20120131,5.3645
20120201,5.2567
20120202,5.2098
20120203,4.9293
20120206,4.9967
20120207,4.7798
20120208,4.7357
20120209,4.6975
20120210,4.5147
20120213,4.4267
20120214,4.4175
20120215,4.5992
20120216,5.0227
20120217,5.8244
20120220,5.7102
20120221,5.6908
20120222,5.7958
20120223,5.6433
20120224,5.2525
20120227,5.0793
20120228,4.7042
20120229,4.6433
20120301,4.663
20120302,4.4635
20120305,4.435
20120306,4.2527
20120307,3.984
20120308,3.9892
20120309,4.0133
20120312,4.0233
20120313,4
20120314,4.0492
20120315,4.12
20120316,4.12
20120319,4.0345
20120320,4.071
20120321,4.343
20120322,4.4
20120323,4.375
20120326,4.2297
20120327,4.4258
20120328,4.5088
20120329,4.2309
20120330,4.1577
20120331,4.2192
20120401,4.1269
20120405,4.0751
20120406,4.052
20120409,4.0384
20120410,4.0071
20120411,4.0002
20120412,4.075
20120413,4.0129
20120416,4.2158
20120417,4
20120418,3.9383
20120419,3.9738
20120420,4.0875
20120423,4.0952
20120424,4.19
20120425,4.0801
20120426,4.085
20120427,4.1267
20120428,4.04
20120502,4.09
20120503,3.9681
20120504,3.9321
20120507,3.8577
20120508,3.7704
20120509,3.7368
20120510,3.663
20120511,3.655
20120514,3.5013
20120515,3.4892
20120516,3.33
20120517,3.1058
20120518,3.0283
20120521,3.0033
20120522,2.9783
20120523,3.0258
20120524,3.0525
20120525,3.0267
20120528,3.0033
20120529,3
20120530,2.985
20120531,2.9642
20120601,2.8983
20120604,2.8292
20120605,2.7808
20120606,2.8063
20120607,2.8563
20120608,2.9463
20120611,2.9725
20120612,2.9871
20120613,3.1683
20120614,3.2375
20120615,3.1992
20120618,3.2954
20120619,3.3917
20120620,3.4767
20120621,4.2829
20120625,4.6192
20120626,4.8
20120627,4.6883
20120628,4.2313
20120629,4.4758
20120702,4.4835
20120703,4.4102
20120704,4.355
20120705,4.3492
20120706,3.9985
20120709,3.5896
20120710,3.3534
20120711,3.2873
20120712,3.1943
20120713,3.1658
20120716,3.1404
20120717,3.1222
20120718,3.2816
20120719,3.5771
20120720,3.6792
20120723,3.9063
20120724,3.9925
20120725,3.7829
20120726,3.7518
20120727,3.5183
20120730,3.4547
20120731,3.3479
20120801,3.3415
20120802,3.314
20120803,3.3117
20120806,3.246
20120807,3.2177
20120808,3.2342
20120809,3.2283
20120810,3.2325
20120813,3.2392
20120814,3.3872
20120815,3.5592
20120816,3.7633
20120817,4.0517
20120820,4.1235
20120821,4.2654
20120822,4.0417
20120823,4.0338
20120824,3.9121
20120827,3.8664
20120828,3.7593
20120829,3.7267
20120830,3.6871
20120831,3.652
20120903,3.5367
20120904,3.4849
20120905,3.6371
20120906,3.635
20120907,3.7336
20120910,3.6839
20120911,3.8179
20120912,3.8667
20120913,3.9246
20120914,3.9443
20120917,3.9858
20120918,4.0208
20120919,4.105
20120920,4.308
20120921,4.4247
20120924,4.6654
20120925,4.8375
20120926,4.8296
20120927,4.1667
20120928,3.9675
20120929,3.9925
20121008,4
20121009,4.0088
20121010,3.8492
20121011,3.6752
20121012,3.5943
20121015,3.6167
20121016,3.6283
20121017,3.6579
20121018,3.7371
20121019,3.4716
20121022,3.3763
20121023,3.4033
20121024,3.93
20121025,4.3796
20121026,4.5955
20121029,4.9379
20121030,4.3633
20121031,4.2175
20121101,4.0034
20121102,3.8332
20121105,3.7702
20121106,3.7467
20121107,3.7821
20121108,3.7602
20121109,3.7288
20121112,3.7313
20121113,3.785
20121114,3.7495
20121115,3.8005
20121116,3.6475
20121119,3.7244
20121120,3.6583
20121121,3.6739
20121122,3.7142
20121123,3.7283
20121126,3.7458
20121127,3.7594
20121128,3.8344
20121129,3.8759
20121130,3.86
20121203,3.7833
20121204,3.7797
20121205,3.8065
20121206,3.8615
20121207,3.92
20121210,3.951
20121211,3.9838
20121212,4.0339
20121213,3.9854
20121214,4.0386
20121217,3.894
20121218,4.1302
20121219,4.389
20121220,4.688
20121221,4.8633
20121224,4.898
20121225,4.92
20121226,4.595
20121227,4.8605
20121228,4.863
20121231,4.899
20130104,4.203
20130105,4.164
20130106,4.019
20130107,4.012
20130108,3.99
20130109,3.908
20130110,3.7627
20130111,3.777
20130114,3.791
20130115,3.7028
20130116,3.6885
20130117,3.737
20130118,3.7785
20130121,3.6829
20130122,3.83
20130123,3.792
20130124,3.858
20130125,3.935
20130128,4.016
20130129,3.997
20130130,4.085
20130131,4.199
20130201,4.176
20130204,4.253
20130205,4.1555
20130206,4.1035
20130207,4.145
20130208,4.045
20130216,3.9
20130217,3.667
20130218,3.582
20130219,3.4536
20130220,3.3646
20130221,3.2801
20130222,3.278
20130225,3.2713
20130226,4.405
20130227,4.384
20130228,4.4901
20130301,4.4505
20130304,4.281
20130305,3.806
20130306,3.6279
20130307,3.5335
20130308,3.4425
20130311,3.422
20130312,3.34
20130313,3.3301
20130314,3.318
20130315,3.292
20130318,3.2612
20130319,3.2782
20130320,3.591
20130321,3.36
20130322,3.3245
20130325,3.2985
20130326,3.2473
20130327,3.277
20130328,3.351
20130329,3.4
20130401,3.434
20130402,3.4245
20130403,3.352
20130407,3.3308
20130408,3.3065
20130409,3.276
20130410,3.3033
20130411,3.268
20130412,3.2358
20130415,3.2128
20130416,3.2593
20130417,3.302
20130418,3.336
20130419,3.797
20130422,4.109
20130423,4.303
20130424,4.667
20130425,4.294
20130426,3.9
20130427,3.585
20130428,3.442
20130502,3.3
20130503,3.233
20130506,3.233
20130507,3.25
20130508,3.2565
20130509,3.2725
20130510,3.274
20130513,3.318
20130514,3.31
20130515,3.253
20130516,3.4
20130517,3.967
20130520,4.517
20130521,4.512
20130522,4.456
20130523,4.635
20130524,4.595
20130527,4.391
20130528,4.1457
20130529,3.68
20130530,3.75
20130531,4.016
20130603,4.501
20130604,4.3805
20130605,4.512
20130606,5.09
20130607,6.3415
20130608,6.646
20130609,6.811
20130613,6.962
20130614,7.21
20130617,7.282
20130618,7.178
20130619,7.615
20130620,9.399
20130621,9.698
20130624,7.355
20130625,8.418
20130626,8.545
20130627,8.384
20130628,7.35
20130701,6.88
20130702,5.8
20130703,5.2
20130704,5.102
20130705,4.7885
20130708,4.3
20130709,4.298
20130710,4.269
20130711,4.351
20130712,4.128
20130715,4.2705
20130716,4.424
20130717,4.53
20130718,4.61
20130719,4.669
20130722,4.806
20130723,4.99
20130724,5.293
20130725,5.468
20130726,5.722
20130729,5.988
20130730,5.889
20130731,5.34
20130801,4.846
20130802,4.642
20130805,4.575
20130806,4.6005
20130807,4.58
20130808,4.595
20130809,4.535
20130812,4.5
20130813,4.524
20130814,4.505
20130815,4.517
20130816,4.56
20130819,4.925
20130820,5.218
20130821,5.04
20130822,4.968
20130823,5.016
20130826,5.007
20130827,4.974
20130828,4.929
20130829,4.903
20130830,4.805
20130902,4.6
20130903,4.523
20130904,4.581
20130905,4.574
20130906,4.484
20130909,4.598
20130910,4.862
20130911,5.138
20130912,5.374
20130913,5.4834
20130916,5.67
20130917,5.836
20130918,5.913
20130922,5.948
20130923,6.004
20130924,6.1089
20130925,5.856
20130926,5.435
20130927,5.33
20130929,5.3
20130930,5.3
20131008,5.178
20131009,5.213
20131010,5.1
20131011,5
20131012,4.805
20131014,4.85
20131015,4.713
20131016,4.857
20131017,4.73
20131018,4.613
20131021,4.683
20131022,4.707
20131023,4.814
20131024,5.4
20131025,6.422
20131028,6.477
20131029,6.162
20131030,5.924
20131031,5.334
20131101,5.162
20131104,4.605
20131105,4.6155
20131106,4.869
20131107,4.974
20131108,5.077
20131111,5.269
20131112,4.865
20131113,5.251
20131114,5.325
20131115,5.949
20131118,6.405
20131119,6.121
20131120,6.179
20131121,6.283
20131122,6.378
20131125,6.378
20131126,6.582
20131127,6.704
20131128,6.555
20131129,6.365
20131202,6.263
20131203,6.28
20131204,6.235
20131205,6.08
20131206,5.596
20131209,5.45
20131210,5.296
20131211,5.238
20131212,5.4155
20131213,5.423
20131216,5.557
20131217,6.235
20131218,6.765
20131219,7.1012
20131220,7.53
20131223,7.656
20131224,6.605
20131225,6.509
20131226,6.57
20131227,6.492
20131230,6.122
20131231,5.913
20140102,5.91
20140103,6.201
20140106,6.475
20140107,5.925
20140108,5.65
20140109,6.314
20140110,5.675
20140113,6.465
20140114,6.4842
20140115,6.742
20140116,6.693
20140117,6.964
20140120,7.472
20140121,7.427
20140122,6.95
20140123,6.708
20140124,6.817
20140126,6.995
20140127,6.83
20140128,7.333
20140129,7.192
20140130,5.441
20140207,5.4
20140208,5.811
20140210,5.849
20140211,5.758
20140212,5.65
20140213,5.629
20140214,5.493
20140217,5.365
20140218,5.2985
20140219,5.2942
20140220,5.22
20140221,5.176
20140224,4.968
20140225,4.519
20140226,4.4435
20140227,4.368
20140228,4.316
20140303,4.262
20140304,4.365
20140305,4.45
20140306,4.64
20140307,4.586
20140310,4.574
20140311,4.293
20140312,3.872
20140313,3.83
20140314,3.868
20140317,3.938
20140318,4.022
20140319,4.412
20140320,4.619
20140321,4.895
20140324,5.148
20140325,5.125
20140326,4.835
20140327,4.938
20140328,4.769
20140331,4.617
20140401,4.6
20140402,4.6
20140403,4.6
20140404,4.597
20140408,4.437
20140409,4.401
20140410,4.375
20140411,4.209
20140414,4.165
20140415,4.102
20140416,4.085
20140417,4.06
20140418,3.93
20140421,3.767
20140422,3.808
20140423,3.9511
20140424,4.32
20140425,4.286
20140428,4.6
20140429,4.593
20140430,4.604
20140504,4.5
20140505,4.058
20140506,3.941
20140507,3.882
20140508,3.79
20140509,3.773
20140512,3.66
20140513,3.617
20140514,3.5675
20140515,3.651
20140516,3.69
20140519,3.736
20140520,4.095
20140521,4.2
20140522,4.203
20140523,4.0685
20140526,4.1
20140527,4
20140528,3.94
20140529,3.877
20140530,3.861
20140603,3.716
20140604,3.931
20140605,3.878
20140606,3.984
20140609,4.161
20140610,4.159
20140611,4.381
20140612,4.719
20140613,4.814
20140616,5.058
20140617,4.941
20140618,4.972
20140619,5.233
20140620,5.435
20140623,5.526
20140624,5.638
20140625,5.492
20140626,5.035
20140627,5.012
20140630,5.004
20140701,5.001
20140702,4.891
20140703,4.132
20140704,4.063
20140707,4.047
20140708,4.046
20140709,4.1
20140710,4.1545
20140711,4.163
20140714,4.313
20140715,4.417
20140716,4.492
20140717,4.588
20140718,4.73
20140721,5.03
20140722,5.115
20140723,5.271
20140724,5.278
20140725,4.95
20140728,4.398
20140729,4.141
20140730,4.144
20140731,4.2
20140801,4.21
20140804,4.105
20140805,4.056
20140806,4.104
20140807,4.161
20140808,4.101
20140811,4.166
20140812,4.154
20140813,4.22
20140814,4.233
20140815,4.174
20140818,4.31
20140819,4.363
20140820,4.286
20140821,4.238
20140822,4.2039
20140825,4.199
20140826,4.2
20140827,4.178
20140828,4.133
20140829,4.114
20140901,4.057
20140902,4.096
20140903,4.033
20140904,3.97
20140905,3.965
20140909,3.93
20140910,3.892
20140911,3.906
20140912,3.992
20140915,4.008
20140916,4.014
20140917,4.06
20140918,4.18
20140919,4.31
20140922,4.277
20140923,4.098
20140924,4
20140925,3.998
20140926,4.012
20140928,4.057
20140929,4.006
20140930,3.998
20141008,3.9905
20141009,3.984
20141010,3.93
20141011,3.909
20141013,3.881
20141014,3.872
20141015,3.8648
20141016,3.842
20141017,3.833
20141020,3.809
20141021,3.858
20141022,3.877
20141023,3.8789
20141024,3.846
20141027,3.8322
20141028,3.902
20141029,3.932
20141030,3.993
20141031,3.991
20141103,3.915
20141104,3.897
20141105,3.883
20141106,3.897
20141107,3.895
20141110,3.917
20141111,3.9008
20141112,3.856
20141113,3.868
20141114,3.893
20141117,3.888
20141118,3.877
20141119,3.93
20141120,4.051
20141121,4.064
20141124,4.019
20141125,4.112
20141126,4.101
20141127,4.148
20141128,4.114
20141201,4.178
20141202,4.195
20141203,4.197
20141204,4.1989
20141205,4.218
20141208,4.231
20141209,4.295
20141210,4.372
20141211,4.468
20141212,4.573
20141215,4.6895
20141216,4.92
20141217,5.277
20141218,5.447
20141219,5.6855
20141222,5.984
20141223,6.13
20141224,6.088
20141225,6.029
20141226,5.957
20141229,5.654
20141230,5.53
20141231,5.588
20150104,5.629
20150105,5.364
20150106,5.102
20150107,4.953
20150108,4.803
20150109,4.781
20150112,4.782
20150113,4.787
20150114,4.799
20150115,4.797
20150116,4.793
20150119,4.79
20150120,4.8465
20150121,4.943
20150122,4.989
20150123,5.028
20150126,4.984
20150127,4.9658
20150128,4.9732
20150129,4.9885
20150130,5.01
20150202,5.048
20150203,5.0667
20150204,5.078
20150205,5.0502
20150206,5.043
20150209,5.025
20150210,5.031
20150211,5.044
20150212,5.055
20150213,5.064
20150215,5.067
20150216,5.077
20150217,5.076
20150225,5.08
20150226,5.0828
20150227,5.0832
20150228,5.0833
20150302,5.069
20150303,5.067
20150304,5.066
20150305,5.064
20150306,5.06
20150309,5.058
20150310,5.055
20150311,5.0518
20150312,5.0511
20150313,5.052
20150316,5.045
20150317,5.04
20150318,5.035
20150319,5.034
20150320,5.031
20150323,5.029
20150324,5.02
20150325,5.018
20150326,5.016
20150327,5.016
20150330,5.013
20150331,5.009
20150401,4.998
20150402,4.991
20150403,4.923
20150407,4.845
20150408,4.7616
20150409,4.6475
20150410,4.5582
20150413,4.4983
20150414,4.442
20150415,4.384
20150416,4.346
20150417,4.314
20150420,4.146
20150421,4.015
20150422,3.908
20150423,3.842
20150424,3.768
20150427,3.6705
20150428,3.5982
20150429,3.5295
20150430,3.465
20150504,3.38
20150505,3.302
20150506,3.267
20150507,3.241
20150508,3.211
20150511,3.12
20150512,3.083
20150513,3.042
20150514,2.957
20150515,2.802
20150518,2.664
20150519,2.57
20150520,2.514
20150521,2.457
20150522,2.389
20150525,2.302
20150526,2.268
20150527,2.273
20150528,2.271
20150529,2.276
20150601,2.29
20150602,2.296
20150603,2.326
20150604,2.354
20150605,2.365
20150608,2.548
20150609,2.647
20150610,2.767
20150611,2.84
20150612,3.057
20150615,3.098
20150616,3.099
20150617,3.108
20150618,3.308
20150619,3.359
20150623,3.361
20150624,3.446
20150625,3.571
20150626,3.634
20150629,3.58
20150630,3.521
20150701,3.373
20150702,3.314
20150703,3.274
20150706,3.215
20150707,3.181
20150708,3.155
20150709,3.14
20150710,3.125
20150713,3.109
20150714,3.102
20150715,3.0785
20150716,3.053
20150717,3.051
20150720,3.0322
20150721,3.017
20150722,3.018
20150723,3.02
20150724,3.012
20150727,3.037
20150728,3.03
20150729,3.013
20150730,3.008
20150731,2.988
20150803,2.971
20150804,2.904
20150805,2.844
20150806,2.799
20150807,2.754
20150810,2.711
20150811,2.668
20150812,2.646
20150813,2.646
20150814,2.671
20150817,2.691
20150818,2.699
20150819,2.707
20150820,2.759
20150821,2.789
20150824,2.81
20150825,2.858
20150826,2.951
20150827,2.958
20150828,2.999
20150831,3.034
20150901,3.052
20150902,3.052
20150906,3.05
20150907,3.04
20150908,3.018
20150909,3.01
20150910,3.008
20150911,3.005
20150914,3.003
20150915,3.005
20150916,3.018
20150917,3.037
20150918,3.053
20150921,3.071
20150922,3.075
20150923,3.086
20150924,3.094
20150925,3.087
20150928,3.088
20150929,3.091
20150930,3.091
20151008,3.092
20151009,3.095
20151010,3.095
20151012,3.094
20151013,3.09
20151014,3.087
20151015,3.074
20151016,3.066
20151019,3.057
20151020,3.049
20151021,3.034
20151022,3.03
20151023,3.023
20151026,2.888
20151027,2.824
20151028,2.796
20151029,2.786
20151030,2.7645
20151102,2.755
20151103,2.747
20151104,2.737
20151105,2.733
20151106,2.719
20151109,2.711
20151110,2.706
20151111,2.705
20151112,2.7
20151113,2.697
20151116,2.697
20151117,2.692
20151118,2.695
20151119,2.698
20151120,2.7
20151123,2.701
20151124,2.7
20151125,2.7
20151126,2.7
20151127,2.7
20151130,2.7
20151201,2.7
20151202,2.7
20151203,2.7
20151204,2.7
20151207,2.7
20151208,2.7
20151209,2.7
20151210,2.701
20151211,2.701
20151214,2.7
20151215,2.721
20151216,2.742
20151217,2.762
20151218,2.822
20151221,2.891
20151222,2.944
20151223,2.987
20151224,3
20151225,3.004
20151228,3.0065
20151229,3.005
20151230,3.004
20151231,3.002
20160104,3.001
20160105,3.001
20160106,3
20160107,2.9995
20160108,2.999
20160111,2.998
20160112,2.998
20160113,2.967
20160114,2.931
20160115,2.899
20160118,2.886
20160119,2.881
20160120,2.874
20160121,2.918
20160122,2.99
20160125,3.019
20160126,3.057
20160127,3.092
20160128,3.134
20160129,3.168
20160201,3.127
20160202,3.101
20160203,3.095
20160204,3.089
20160205,3.079
20160206,3.044
20160214,2.999
20160215,2.979
20160216,2.957
20160217,2.938
20160218,2.884
20160219,2.839
20160222,2.801
20160223,2.775
20160224,2.759
20160225,2.757
20160226,2.785
20160229,2.8
20160301,2.795
20160302,2.738
20160303,2.716
20160304,2.703
20160307,2.696
20160308,2.689
20160309,2.683
20160310,2.678
20160311,2.666
20160314,2.659
20160315,2.659
20160316,2.6585
20160317,2.662
20160318,2.662
20160321,2.692
20160322,2.699
20160323,2.7025
20160324,2.704
20160325,2.702
20160328,2.706
20160329,2.729
20160330,2.7665
20160331,2.807
20160401,2.816
20160405,2.8212
20160406,2.8068
20160407,2.8
20160408,2.798
20160411,2.797
20160412,2.797
20160413,2.799
20160414,2.799
20160415,2.799
20160418,2.799
20160419,2.8
20160420,2.803
20160421,2.8055
20160422,2.8115
20160425,2.823
20160426,2.829
20160427,2.833
20160428,2.8415
20160429,2.853
20160503,2.8489
20160504,2.845
20160505,2.846
20160506,2.842
20160509,2.841
20160510,2.841
20160511,2.838
20160512,2.835
20160513,2.834
20160516,2.834
20160517,2.835
20160518,2.839
20160519,2.837
20160520,2.839
20160523,2.84
20160524,2.842
20160525,2.842
20160526,2.845
20160527,2.846
20160530,2.846
20160531,2.846
20160601,2.842
20160602,2.838
20160603,2.835
20160606,2.839
20160607,2.838
20160608,2.838
20160612,2.842
20160613,2.844
20160614,2.844
20160615,2.844
20160616,2.8535
20160617,2.859
20160620,2.8675
20160621,2.8728
20160622,2.8768
20160623,2.8813
20160624,2.8852
20160627,2.8886
20160628,2.8899
20160629,2.89
20160630,2.887
20160701,2.877
20160704,2.869
20160705,2.86
20160706,2.856
20160707,2.8535
20160708,2.8495
20160711,2.845
20160712,2.837
20160713,2.823
20160714,2.81
20160715,2.803
20160718,2.799
20160719,2.795
20160720,2.794
20160721,2.786
20160722,2.784
20160725,2.78
20160726,2.779
20160727,2.777
20160728,2.775
20160729,2.773
20160801,2.7665
20160802,2.761
20160803,2.755
20160804,2.739
20160805,2.729
20160808,2.721
20160809,2.714
20160810,2.709
20160811,2.705
20160812,2.705
20160815,2.7056
20160816,2.702
20160817,2.698
20160818,2.696
20160819,2.696
20160822,2.6978
20160823,2.696
20160824,2.6976
20160825,2.6998
20160826,2.697
20160829,2.696
20160830,2.696
20160831,2.696
20160901,2.696
20160902,2.69
20160905,2.686
20160906,2.682
20160907,2.677
20160908,2.6745
20160909,2.677
20160912,2.6767
20160913,2.6792
20160914,2.686
20160918,2.6896
20160919,2.695
20160920,2.699
20160921,2.7069
20160922,2.7177
20160923,2.7298
20160926,2.733
20160927,2.7353
20160928,2.7396
20160929,2.743
20160930,2.741
20161008,2.736
20161009,2.73
20161010,2.725
20161011,2.718
20161012,2.7148
20161013,2.7125
20161014,2.711
20161017,2.7101
20161018,2.7121
20161019,2.7133
20161020,2.7213
20161021,2.7242
20161024,2.7245
20161025,2.7265
20161026,2.7347
20161027,2.7365
20161028,2.7427
20161031,2.7453
20161101,2.7486
20161102,2.7509
20161103,2.749
20161104,2.7489
20161107,2.7489
20161108,2.747
20161109,2.745
20161110,2.746
20161111,2.7476
20161114,2.7508
20161115,2.7511
20161116,2.7545
20161117,2.7608
20161118,2.7739
20161121,2.7894
20161122,2.799
20161123,2.8089
20161124,2.8199
20161125,2.826
20161128,2.8446
20161129,2.8565
20161130,2.8697
20161201,2.893
20161202,2.9163
20161205,2.9457
20161206,2.9756
20161207,2.9996
20161208,3.03
20161209,3.056
20161212,3.0756
20161213,3.0916
20161214,3.1072
20161215,3.1245
20161216,3.1545
20161219,3.1695
20161220,3.2
20161221,3.221
20161222,3.2371
20161223,3.2558
20161226,3.2716
20161227,3.2842
20161228,3.2945
20161229,3.2988
20161230,3.3059
20170103,3.3126
20170104,3.3223
20170105,3.3578
20170106,3.4101
20170109,3.4738
20170110,3.5314
20170111,3.5662
20170112,3.6387
20170113,3.6718
20170116,3.6852
20170117,3.7116
20170118,3.7502
20170119,3.7951
20170120,3.8196
20170122,3.808
20170123,3.8118
20170124,3.8142
20170125,3.8295
20170126,3.851
20170203,3.8761
20170204,3.8907
20170206,3.9031
20170207,3.9304
20170208,3.9601
20170209,3.9839
20170210,3.9938
20170213,4.0052
20170214,4.016
20170215,4.0312
20170216,4.0516
20170217,4.0652
20170220,4.075
20170221,4.082
20170222,4.085
20170223,4.093
20170224,4.091
20170227,4.082
20170228,4.08
20170301,4.0763
20170302,4.083
20170303,4.0851
20170306,4.0951
20170307,4.1016
20170308,4.1052
20170309,4.1126
20170310,4.1153
20170313,4.1226
20170314,4.1343
20170315,4.1537
20170316,4.2218
20170317,4.2775
20170320,4.3172
20170321,4.3558
20170322,4.3959
20170323,4.4475
20170324,4.4581
20170327,4.4296
20170328,4.4105
20170329,4.3955
20170330,4.3843
20170331,4.3501
20170401,4.317
20170405,4.2525
20170406,4.1783
20170407,4.118
20170410,4.0746
20170411,4.0382
20170412,4.0132
20170413,4.0016
20170414,3.9972
20170417,3.9972
20170418,3.9978
20170419,4.0008
20170420,4.005
20170421,4.0095
20170424,4.01
20170425,4.01
20170426,4.011
20170427,4.0161
20170428,4.0237
20170502,4.027
20170503,4.0361
20170504,4.0436
20170505,4.0469
20170508,4.0447
20170509,4.0441
20170510,4.0463
20170511,4.0507
20170512,4.0468
20170515,4.0462
20170516,4.0477
20170517,4.0495
20170518,4.0525
20170519,4.0571
20170522,4.061
20170523,4.0624
20170524,4.0643
20170525,4.0646
20170526,4.0655
20170527,4.0685
20170531,4.0763
20170601,4.1013
20170602,4.1892
20170605,4.283
20170606,4.3633
20170607,4.4304
20170608,4.5146
20170609,4.5854
20170612,4.6273
20170613,4.6529
20170614,4.6826
20170615,4.6946
20170616,4.699
20170619,4.6979
20170620,4.6584
20170621,4.6322
20170622,4.607
20170623,4.589
20170626,4.5738
20170627,4.548
20170628,4.5219
20170629,4.4955
20170630,4.4608
20170703,4.4252
20170704,4.3987
20170705,4.338
20170706,4.2762
20170707,4.215
20170710,4.161
20170711,4.1205
20170712,4.0848
20170713,4.0675
20170714,4.0397
20170717,4.012
20170718,3.9989
20170719,3.992
20170720,3.9792
20170721,3.9497
20170724,3.93
20170725,3.9205
20170726,3.9086
20170727,3.8994
20170728,3.8915
20170731,3.889
20170801,3.8886
20170802,3.8875
20170803,3.8884
20170804,3.8828
20170807,3.8781
20170808,3.8755
20170809,3.8756
20170810,3.8691
20170811,3.8627
20170814,3.8512
20170815,3.848
20170816,3.85
20170817,3.8582
20170818,3.8644
20170821,3.8671
20170822,3.8712
20170823,3.8757
20170824,3.8839
20170825,3.8872
20170828,3.8915
20170829,3.8962
20170830,3.9055
20170831,3.892
20170901,3.892
20170904,3.9032
20170905,3.9094
20170906,3.919
20170907,3.9335
20170908,3.937
20170911,3.9339
20170912,3.9354
20170913,3.9305
20170914,3.9361
20170915,3.951
20170918,3.9667
20170919,3.9815
20170920,3.9854
20170921,3.9897
20170922,3.9908
20170925,3.9941
20170926,4.0062
20170927,4.0174
20170928,4.0565
20170929,4.0743
20170930,4.0693
20171009,4.0614
20171010,4.056
20171011,4.052
20171012,4.0512
20171013,4.049
20171016,4.0427
20171017,4.0356
20171018,4.0342
20171019,4.0285
20171020,4.0235
20171023,4.02
20171024,4.0186
20171025,4.0188
20171026,4.019
20171027,4.0194
20171030,4.02
20171031,4.027
20171101,4.029
20171102,4.0289
20171103,4.0133
20171106,4.0059
20171107,3.9975
20171108,3.9935
20171109,4.0034
20171110,4.0104
20171113,4.0132
20171114,4.0144
20171115,4.0164
20171116,4.027
20171117,4.0307
20171120,4.0301
20171121,4.0351
20171122,4.0376
20171123,4.0388
20171124,4.0379
20171127,4.0368
20171128,4.0367
20171129,4.037
20171130,4.072
20171201,4.1632
20171204,4.2384
20171205,4.3039
20171206,4.3394
20171207,4.395
20171208,4.4335
20171211,4.4574
20171212,4.4898
20171213,4.524
20171214,4.5534
20171215,4.5814
20171218,4.6382
20171219,4.6869
20171220,4.7377
20171221,4.7718
20171222,4.8402
20171225,4.9162
20171226,4.9277
20171227,4.93
20171228,4.932
20171229,4.9352
20180102,4.743
20180103,4.622
20180104,4.476
20180105,4.3756
20180108,4.2886
20180109,4.2209
20180110,4.1821
20180111,4.1632
20180112,4.1134
20180115,4.0904
20180116,4.0941
20180117,4.0905
20180118,4.0921
20180119,4.1113
20180122,4.1122
20180123,4.1123
20180124,4.1183
20180125,4.1269
20180126,4.1257
20180129,4.1276
20180130,4.1288
20180131,4.1289
20180201,4.1329
20180202,4.1293
20180205,4.107
20180206,4.0887
20180207,4.0809
20180208,4.078
20180209,4.074
20180211,4.0694
20180212,4.075
20180213,4.0705
20180214,4.0751
20180222,4.0666
20180223,4.0557
20180224,4.0526
20180226,4.0443
20180227,4.038
20180228,4.0428
20180301,4.0403
20180302,4.0451
20180305,4.0726
20180306,4.1453
20180307,4.1936
20180308,4.2544
20180309,4.3265
20180312,4.3707
20180313,4.4071
20180314,4.4578
20180315,4.4908
20180316,4.5101
20180319,4.5121
20180320,4.5093
20180321,4.5042
20180322,4.4662
20180323,4.4364
20180326,4.4094
20180327,4.3906
20180328,4.3421
20180329,4.3133
20180330,4.2884
20180402,4.1879
20180403,4.1268
20180404,4.0597
20180408,4.011
20180409,3.9701
20180410,3.915
20180411,3.871
20180412,3.842
20180413,3.825
20180416,3.821
20180417,3.834
20180418,3.821
20180419,3.791
20180420,3.761
20180423,3.751
20180424,3.748
20180425,3.78
20180426,3.865
20180427,3.899
20180428,3.9
20180502,3.893
20180503,3.87
20180504,3.851
20180507,3.84
20180508,3.829
20180509,3.816
20180510,3.806
20180511,3.799
20180514,3.801
20180515,3.813
20180516,3.825
20180517,3.831
20180518,3.833
20180521,3.832
20180522,3.838
20180523,3.841
20180524,3.845
20180525,3.847
20180528,3.84
20180529,3.85
20180530,3.872
20180531,3.905
20180601,3.966
20180604,3.993
20180605,4.025
20180606,4.042
20180607,4.05
20180608,4.054
20180611,4.083
20180612,4.087
20180613,4.101
20180614,4.107
20180615,4.126
20180619,4.144
20180620,4.157
20180621,4.157
20180622,4.151
20180625,4.134
20180626,4.125
20180627,4.097
20180628,4.064
20180629,4.031
20180702,4.004
20180703,3.8824
20180704,3.732
20180705,3.571
20180706,3.446
20180709,3.34
20180710,3.285
20180711,3.241
20180712,3.222
20180713,3.208
20180716,3.21
20180717,3.2151
20180718,3.214
20180719,3.198
20180720,3.183
20180723,3.162
20180724,3.121
20180725,3.103
20180726,3.071
20180727,3.035
20180730,2.994
20180731,2.965
20180801,2.935
20180802,2.884
20180803,2.837
20180806,2.791
20180807,2.728
20180808,2.678
20180809,2.643
20180810,2.616
20180813,2.603
20180814,2.613
20180815,2.631
20180816,2.639
20180817,2.653
20180820,2.676
20180821,2.694
20180822,2.701
20180823,2.731
20180824,2.738
20180827,2.751
20180828,2.75
20180829,2.742
20180830,2.727
20180831,2.72
20180903,2.716
20180904,2.706
20180905,2.696
20180906,2.7
20180907,2.712
20180910,2.723
20180911,2.735
20180912,2.751
20180913,2.76
20180914,2.756
20180917,2.749
20180918,2.753
20180919,2.751
20180920,2.753
20180921,2.754
20180925,2.771
20180926,2.785
20180927,2.799
20180928,2.8
20180929,2.802
20180930,2.802
20181008,2.781
20181009,2.734
20181010,2.705
20181011,2.692
20181012,2.682
20181015,2.668
20181016,2.658
20181017,2.651
20181018,2.651
20181019,2.655
20181022,2.663
20181023,2.672
20181024,2.675
20181025,2.675
20181026,2.673
20181029,2.672
20181030,2.663
20181031,2.689
20181101,2.696
20181102,2.694
20181105,2.691
20181106,2.684
20181107,2.68
20181108,2.678
20181109,2.671
20181112,2.675
20181113,2.685
20181114,2.685
20181115,2.685
20181116,2.684
20181119,2.686
20181120,2.696
20181121,2.697
20181122,2.697
20181123,2.691
20181126,2.693
20181127,2.697
20181128,2.699
20181129,2.6969
20181130,2.701
20181203,2.714
20181204,2.745
20181205,2.782
20181206,2.81
20181207,2.828
20181210,2.838
20181211,2.848
20181212,2.874
20181213,2.9
20181214,2.966
20181217,3.002
20181218,3.034
20181219,3.047
20181220,3.112
20181221,3.154
20181224,3.232
20181225,3.302
20181226,3.397
20181227,3.47
20181228,3.492
20190102,3.2
20190103,3.084
20190104,3.01
20190107,2.909
20190108,2.825
20190109,2.79
20190110,2.781
20190111,2.772
20190114,2.775
20190115,2.777
20190116,2.777
20190117,2.777
20190118,2.777
20190121,2.786
20190122,2.797
20190123,2.806
20190124,2.811
20190125,2.819
20190128,2.828
20190129,2.835
20190130,2.84
20190131,2.839
20190201,2.835
20190211,2.785
20190212,2.76
20190213,2.732
20190214,2.714
20190215,2.698
20190218,2.687
20190219,2.676
20190220,2.655
20190221,2.651
20190222,2.656
20190225,2.659
20190226,2.681
20190227,2.686
20190228,2.694
20190301,2.7
20190304,2.696
20190305,2.699
20190306,2.703
20190307,2.705
20190308,2.712
20190311,2.7172
20190312,2.732
20190313,2.754
20190314,2.774
20190315,2.81
20190318,2.832
20190319,2.852
20190320,2.875
20190321,2.884
20190322,2.884
20190325,2.879
20190326,2.862
20190327,2.843
20190328,2.825
20190329,2.819
20190401,2.782
20190402,2.745
20190403,2.697
20190404,2.664
20190408,2.65
20190409,2.646
20190410,2.655
20190411,2.669
20190412,2.686
20190415,2.717
20190416,2.759
20190417,2.779
20190418,2.795
20190419,2.79
20190422,2.791
20190423,2.824
20190424,2.838
20190425,2.851
20190426,2.859
20190429,2.857
20190430,2.856
20190506,2.811
20190507,2.773
20190508,2.741
20190509,2.728
20190510,2.72
20190513,2.715
20190514,2.717
20190515,2.713
20190516,2.708
20190517,2.705
20190520,2.717
20190521,2.756
20190522,2.77
20190523,2.784
20190524,2.779
20190527,2.792
20190528,2.816
20190529,2.818
20190530,2.813
20190531,2.816
20190603,2.809
20190604,2.821
20190605,2.832
20190606,2.841
20190610,2.853
20190611,2.859
20190612,2.865
20190613,2.878
20190614,2.898
20190617,2.898
20190618,2.897
20190619,2.891
20190620,2.876
20190621,2.852
20190624,2.805
20190625,2.76
20190626,2.731
20190627,2.703
20190628,2.684
20190701,2.603
20190702,2.534
20190703,2.492
20190704,2.465
20190705,2.463
20190708,2.467
20190709,2.484
20190710,2.486
20190711,2.483
20190712,2.487
20190715,2.498
20190716,2.532
20190717,2.557
20190718,2.577
20190719,2.591
20190722,2.592
20190723,2.591
20190724,2.59
20190725,2.594
20190726,2.597
20190729,2.6
20190730,2.602
20190731,2.606
20190801,2.6
20190802,2.6
20190805,2.594
20190806,2.584
20190807,2.564
20190808,2.562
20190809,2.571
20190812,2.588
20190813,2.613
20190814,2.636
20190815,2.649
20190816,2.653
20190819,2.656
20190820,2.656
20190821,2.655
20190822,2.656
20190823,2.663
20190826,2.66
20190827,2.662
20190828,2.661
20190829,2.6611
20190830,2.661
20190902,2.661
20190903,2.664
20190904,2.662
20190905,2.665
20190906,2.681
20190909,2.688
20190910,2.677
20190911,2.679
20190912,2.682
20190916,2.682
20190917,2.685
20190918,2.692
20190919,2.704
20190920,2.719
20190923,2.737
20190924,2.751
20190925,2.75
20190926,2.749
20190927,2.75
20190930,2.762
20191008,2.754
20191009,2.728
20191010,2.7085
20191011,2.703
20191014,2.699
20191015,2.703
20191016,2.704
20191017,2.709
20191018,2.713
20191021,2.723
20191022,2.75
20191023,2.761
20191024,2.769
20191025,2.774
20191028,2.773
20191029,2.773
20191030,2.771
20191031,2.775
20191101,2.775
20191104,2.77
20191105,2.759
20191106,2.756
20191107,2.758
20191108,2.759
20191111,2.759
20191112,2.762
20191113,2.766
20191114,2.776
20191115,2.788
20191118,2.794
20191119,2.791
20191120,2.795
20191121,2.7945
20191122,2.7925
20191125,2.7875
20191126,2.7835
20191127,2.7815
20191128,2.7795
20191129,2.783
20191202,2.779
20191203,2.785
20191204,2.799
20191205,2.811
20191206,2.83
20191209,2.841
20191210,2.858
20191211,2.871
20191212,2.891
20191213,2.913
20191216,2.9304
20191217,2.942
20191218,2.959
20191219,2.976
20191220,2.997
20191223,2.998
20191224,2.996
20191225,2.9985
20191226,2.9955
20191227,2.991
20191230,2.9755
20191231,2.9785
20200102,2.8975
20200103,2.842
20200106,2.747
20200107,2.7
20200108,2.638
20200109,2.609
20200110,2.619
20200113,2.619
20200114,2.706
20200115,2.799
20200116,2.8
20200117,2.808
20200119,2.804
20200120,2.813
20200121,2.816
20200122,2.82
20200123,2.822
20200203,2.806
20200204,2.76
20200205,2.696
20200206,2.651
20200207,2.628
20200210,2.577
20200211,2.527
20200212,2.495
20200213,2.454
20200214,2.416
20200217,2.4
20200218,2.387
20200219,2.371
20200220,2.359
20200221,2.343
20200224,2.33
20200225,2.318
20200226,2.306
20200227,2.301
20200228,2.301
20200302,2.27
20200303,2.229
20200304,2.174
20200305,2.15
20200306,2.126
20200309,2.115
20200310,2.132
20200311,2.145
20200312,2.13
20200313,2.119
20200316,2.093
20200317,2.063
20200318,2.032
20200319,2.008
20200320,1.993
20200323,1.962
20200324,1.938
20200325,1.897
20200326,1.869
20200327,1.857
20200330,1.835
20200331,1.827
20200401,1.809
20200402,1.772
20200403,1.741
20200407,1.659
20200408,1.553
20200409,1.473
20200410,1.4
20200413,1.365
20200414,1.353
20200415,1.341
20200416,1.324
20200417,1.308
20200420,1.301
20200421,1.302
20200422,1.3
20200423,1.301
20200424,1.302
20200427,1.307
20200428,1.304
20200429,1.304
20200430,1.314
20200506,1.311
20200507,1.304
20200508,1.3
20200509,1.3
20200511,1.3
20200512,1.3
20200513,1.3
20200514,1.3
20200515,1.3
20200518,1.3
20200519,1.3
20200520,1.301
20200521,1.303
20200522,1.307
20200525,1.316
20200526,1.342
20200527,1.39
20200528,1.412
20200529,1.43
20200601,1.424
20200602,1.422
20200603,1.455
20200604,1.513
20200605,1.582
20200608,1.647
20200609,1.741
20200610,1.791
20200611,1.86
20200612,1.899
20200615,1.916
20200616,1.95
20200617,1.993
20200618,2.023
20200619,2.048
20200622,2.057
20200623,2.08
20200624,2.098
20200629,2.096
20200630,2.083
20200701,2.071
20200702,2.038
20200703,2.011
20200706,1.997
20200707,1.998
20200708,1.998
20200709,2.013
20200710,2.035
20200713,2.057
20200714,2.077
20200715,2.1
20200716,2.145
20200717,2.198
20200720,2.214
20200721,2.223
20200722,2.225
20200723,2.239
20200724,2.245
20200727,2.258
20200728,2.267
20200729,2.276
20200730,2.288
20200731,2.295
20200803,2.282
20200804,2.286
20200805,2.281
20200806,2.286
20200807,2.286
20200810,2.295
20200811,2.299
20200812,2.3
20200813,2.3
20200814,2.306
20200817,2.305
20200818,2.304
20200819,2.307
20200820,2.316
20200821,2.339
20200824,2.364
20200825,2.368
20200826,2.37
20200827,2.367
20200828,2.366
20200831,2.374
20200901,2.372
20200902,2.38
20200903,2.39
20200904,2.399
20200907,2.436
20200908,2.468
20200909,2.502
20200910,2.538
20200911,2.564
20200914,2.59
20200915,2.596
20200916,2.597
20200917,2.603
20200918,2.609
20200921,2.619
20200922,2.624
20200923,2.627
20200924,2.642
20200925,2.655
20200928,2.666
20200929,2.67
20200930,2.68
20201009,2.668
20201012,2.635
20201013,2.636
20201014,2.637
20201015,2.633
20201016,2.632
20201019,2.634
20201020,2.635
20201021,2.645
20201022,2.649
20201023,2.653
20201026,2.658
20201027,2.668
20201028,2.686
20201029,2.69
20201030,2.689
20201102,2.687
20201103,2.643
20201104,2.643
20201105,2.633
20201106,2.64
20201109,2.646
20201110,2.636
20201111,2.646
20201112,2.671
20201113,2.679
20201116,2.682
20201117,2.686
20201118,2.689
20201119,2.69
20201120,2.702
20201123,2.703
20201124,2.713
20201125,2.716
20201126,2.718
20201127,2.734
20201130,2.743
20201201,2.717
20201202,2.703
20201203,2.706
20201204,2.696
20201207,2.7
20201208,2.702
20201209,2.714
20201210,2.712
20201211,2.712
20201214,2.722
20201215,2.725
20201216,2.723
20201217,2.717
20201218,2.716
20201221,2.717
20201222,2.714
20201223,2.708
20201224,2.703
20201225,2.702
20201228,2.702
20201229,2.702
20201230,2.702
20201231,2.702
20210104,2.642
20210105,2.577
20210106,2.529
20210107,2.491
20210108,2.468
20210111,2.447
20210112,2.432
20210113,2.412
20210114,2.404
20210115,2.39
20210118,2.388
20210119,2.396
20210120,2.464
20210121,2.489
20210122,2.503
20210125,2.512
20210126,2.547
20210127,2.632
20210128,2.708
20210129,2.832
20210201,2.85
20210202,2.807
20210203,2.772
20210204,2.752
20210205,2.753
20210208,2.755
20210209,2.759
20210210,2.754
20210218,2.753
20210219,2.745
20210222,2.74
20210223,2.733
20210224,2.727
20210225,2.721
20210226,2.719
20210301,2.701
20210302,2.682
20210303,2.654
20210304,2.629
20210305,2.597
20210308,2.583
20210309,2.584
20210310,2.578
20210311,2.574
20210312,2.563
20210315,2.568
20210316,2.568
20210317,2.57
20210318,2.574
20210319,2.577
20210322,2.576
20210323,2.578
20210324,2.577
20210325,2.577
20210326,2.569
20210329,2.554
20210330,2.541
20210331,2.542
20210401,2.541
20210402,2.541
20210406,2.533
20210407,2.532
20210408,2.523
20210409,2.516
20210412,2.51
20210413,2.508
20210414,2.503
20210415,2.502
20210416,2.501
20210419,2.5
20210420,2.5
20210421,2.5
20210422,2.5
20210423,2.5
20210426,2.494
20210427,2.491
20210428,2.491
20210429,2.49
20210430,2.489
20210506,2.477
20210507,2.463
20210510,2.437
20210511,2.432
20210512,2.429
20210513,2.423
20210514,2.422
20210517,2.419
20210518,2.418
20210519,2.416
20210520,2.412
20210521,2.41
20210524,2.407
20210525,2.406
20210526,2.405
20210527,2.403
20210528,2.404
20210531,2.407
20210601,2.406
20210602,2.397
20210603,2.384
20210604,2.377
20210607,2.385
20210608,2.383
20210609,2.386
20210610,2.381
20210611,2.384
20210615,2.383
20210616,2.388
20210617,2.391
20210618,2.398
20210621,2.401
20210622,2.406
20210623,2.406
20210624,2.404
20210625,2.404
20210628,2.405
20210629,2.41
20210630,2.415
20210701,2.407
20210702,2.385
20210705,2.382
20210706,2.378
20210707,2.376
20210708,2.357
20210709,2.351
20210712,2.339
20210713,2.333
20210714,2.326
20210715,2.316
20210716,2.318
20210719,2.315
20210720,2.313
20210721,2.315
20210722,2.317
20210723,2.318
20210726,2.32
20210727,2.324
20210728,2.329
20210729,2.326
20210730,2.331
20210802,2.318
20210803,2.303
20210804,2.295
20210805,2.288
20210806,2.278
20210809,2.27
20210810,2.289
20210811,2.292
20210812,2.295
20210813,2.3
20210816,2.301
20210817,2.3
20210818,2.3
20210819,2.3
20210820,2.3
20210823,2.3
20210824,2.303
20210825,2.309
20210826,2.312
20210827,2.315
20210830,2.319
20210831,2.329
20210901,2.323
20210902,2.311
20210903,2.31
20210906,2.307
20210907,2.305
20210908,2.307
20210909,2.311
20210910,2.312
20210913,2.32
20210914,2.339
20210915,2.344
20210916,2.356
20210917,2.373
20210922,2.387
20210923,2.396
20210924,2.408
20210927,2.418
20210928,2.426
20210929,2.436
20210930,2.439
20211008,2.399
20211011,2.366
20211012,2.363
20211013,2.357
20211014,2.359
20211015,2.3582
20211018,2.357
20211019,2.362
20211020,2.363
20211021,2.366
20211022,2.37
20211025,2.38
20211026,2.387
20211027,2.392
20211028,2.396
20211029,2.398
20211101,2.398
20211102,2.394
20211103,2.397
20211104,2.397
20211105,2.398
20211108,2.396
20211109,2.399
20211110,2.398
20211111,2.398
20211112,2.382
20211115,2.359
20211116,2.356
20211117,2.349
20211118,2.346
20211119,2.348
20211122,2.35
20211123,2.353
20211124,2.353
20211125,2.353
20211126,2.353
20211129,2.353
20211130,2.356
20211201,2.357
20211202,2.356
20211203,2.357
20211206,2.358
20211207,2.357
20211208,2.36
20211209,2.36
20211210,2.36
20211213,2.364
20211214,2.365
20211215,2.364
20211216,2.366
20211217,2.368
20211220,2.381
20211221,2.386
20211222,2.402
20211223,2.409
20211224,2.416
20211227,2.424
20211228,2.425
20211229,2.429
20211230,2.43
20211231,2.431
20220104,2.429
20220105,2.429
20220106,2.429
20220107,2.43
20220110,2.429
20220111,2.429
20220112,2.428
20220113,2.427
20220114,2.429
20220117,2.428
20220118,2.427
20220119,2.422
20220120,2.418
20220121,2.417
20220124,2.418
20220125,2.419
20220126,2.419
20220127,2.418
20220128,2.419
20220207,2.407
20220208,2.4
20220209,2.395
20220210,2.381
20220211,2.369
20220214,2.359
20220215,2.348
20220216,2.34
20220217,2.334
20220218,2.323
20220221,2.315
20220222,2.31
20220223,2.308
20220224,2.307
20220225,2.306
20220228,2.305
20220301,2.303
20220302,2.302
20220303,2.3
20220304,2.3
20220307,2.3
20220308,2.3
20220309,2.3
20220310,2.3
20220311,2.3
20220314,2.3
20220315,2.301
20220316,2.302
20220317,2.301
20220318,2.303
20220321,2.303
20220322,2.303
20220323,2.305
20220324,2.308
20220325,2.31
20220328,2.313
20220329,2.314
20220330,2.313
20220331,2.313
20220401,2.307
20220406,2.305
20220407,2.29
20220408,2.295
20220411,2.291
20220412,2.284
20220413,2.276
20220414,2.267
20220415,2.253
20220418,2.245
20220419,2.237
20220420,2.23
20220421,2.222
20220422,2.213
20220424,2.194
20220425,2.181
20220426,2.166
20220427,2.154
20220428,2.142
20220429,2.125
20220505,2.116
20220506,2.114
20220507,2.109
20220509,2.089
20220510,2.078
20220511,2.071
20220512,2.064
20220513,2.015
20220516,1.978
20220517,1.945
20220518,1.941
20220519,1.937
20220520,1.932
20220523,1.9
20220524,1.897
20220525,1.871
20220526,1.875
20220527,1.854
20220530,1.856
20220531,1.865
20220601,1.865
20220602,1.87
20220606,1.873
20220607,1.877
20220608,1.882
20220609,1.887
20220610,1.89
20220613,1.889
20220614,1.892
20220615,1.893
20220616,1.892
20220617,1.891
20220620,1.891
20220621,1.891
20220622,1.892
20220623,1.893
20220624,1.893
20220627,1.894
20220628,1.895
20220629,1.898
20220630,1.898
20220701,1.887
20220704,1.878
20220705,1.86
20220706,1.834
20220707,1.822
20220708,1.807
20220711,1.797
20220712,1.789
20220713,1.784
20220714,1.775
20220715,1.774
20220718,1.772
20220719,1.77
20220720,1.773
20220721,1.767
20220722,1.757
20220725,1.756
20220726,1.755
20220727,1.748
20220728,1.742
20220729,1.737
