code,date,open,high,close,low,volume,price_change,p_change,ma5,ma10,v_ma5,v_ma10,v_ma20,turnover
000001,2017-08-01,10.64,11.08,11.04,10.6,2035709.88,0.37,3.47,10.756,10.868,1464534.43,1594153.94,1825997.37,1.2
000001,2017-08-02,11.05,11.34,11.15,10.96,2062069.12,0.11,1.0,10.838,10.874,1537465.83,1607053.26,1900714.83,1.22
000001,2017-08-03,11.14,11.22,11.01,10.97,984219.38,-0.14,-1.26,10.922,10.878,1495411.63,1551741.35,1912980.21,0.58
000001,2017-08-04,11.0,11.29,11.17,10.93,1353951.5,0.16,1.45,11.008,10.906,1602362.85,1537034.5,1942659.3,0.8
000001,2017-08-07,11.06,11.17,11.0,10.9,860644.25,-0.17,-1.52,11.074,10.911,1459318.83,1453832.48,1917650.72,0.51
000001,2017-08-08,11.0,11.11,11.05,10.91,689567.44,0.05,0.46,11.076,10.916,1190090.34,1327312.38,1761524.75,0.41
000001,2017-08-09,10.96,11.02,10.73,10.68,1042321.81,-0.32,-2.9,10.992,10.915,986140.88,1261803.35,1663698.63,0.62
000001,2017-08-10,10.7,10.82,10.62,10.54,959880.0,-0.11,-1.02,10.914,10.918,981273.0,1238342.31,1561965.91,0.57
000001,2017-08-11,10.48,10.54,10.02,9.99,2440643.25,-0.6,-5.65,10.684,10.846,1198611.35,1400487.1,1597869.56,1.44
000001,2017-08-14,10.13,10.25,10.22,10.04,1157664.62,0.2,2.0,10.528,10.801,1258015.42,1358667.13,1492096.63,0.68
000001,2017-08-15,10.24,10.51,10.31,10.21,1075162.38,0.09,0.88,10.38,10.728,1335134.41,1262612.38,1428383.16,0.64
000001,2017-08-16,10.29,10.37,10.34,10.15,756806.0,0.03,0.29,10.302,10.647,1278031.25,1132086.06,1369569.66,0.45
000001,2017-08-17,10.35,10.42,10.42,10.29,553642.12,0.08,0.77,10.262,10.588,1196783.67,1089028.34,1320384.84,0.33
000001,2017-08-18,10.36,10.6,10.44,10.29,616520.38,0.02,0.19,10.346,10.515,831959.1,1015285.23,1276159.86,0.36
000001,2017-08-21,10.43,10.52,10.46,10.39,399154.88,0.02,0.19,10.394,10.461,680257.15,969136.29,1211484.38,0.24
000001,2017-08-22,10.48,10.66,10.65,10.37,875681.81,0.19,1.82,10.462,10.421,640361.04,987747.73,1157530.05,0.52
000001,2017-08-23,10.63,10.98,10.9,10.59,1319151.88,0.25,2.35,10.574,10.438,752830.21,1015430.73,1138617.04,0.78
000001,2017-08-24,10.89,11.11,10.93,10.84,924248.62,0.03,0.28,10.676,10.469,826951.51,1011867.59,1125104.95,0.55
000001,2017-08-25,10.94,11.17,11.11,10.9,963940.0,0.18,1.65,10.81,10.578,896435.44,864197.27,1132342.19,0.57
000001,2017-08-28,11.1,11.54,11.35,11.1,1603938.25,0.24,2.16,10.988,10.691,1137392.11,908824.63,1133745.88,0.95
000001,2017-08-29,11.3,11.74,11.67,11.28,1357983.62,0.32,2.82,11.192,10.827,1233852.47,937106.76,1099859.57,0.8
000001,2017-08-30,11.68,11.7,11.43,11.35,1096674.75,-0.24,-2.06,11.298,10.936,1189357.05,971093.63,1051589.85,0.65
000001,2017-08-31,11.39,11.44,11.28,11.15,1151786.5,-0.15,-1.31,11.368,11.022,1234864.62,1030908.07,1059968.2,0.68
000001,2017-09-01,11.28,11.39,11.21,11.15,959976.88,-0.07,-0.62,11.388,11.099,1234072.0,1065253.72,1040269.47,0.57
000001,2017-09-04,11.18,11.72,11.72,11.17,1352325.62,0.51,4.55,11.462,11.225,1183749.47,1160570.79,1064853.54,0.8
000001,2017-09-05,11.68,11.94,11.64,11.6,1287518.75,-0.08,-0.68,11.456,11.324,1169656.5,1201754.49,1094751.11,0.76
000001,2017-09-06,11.59,11.88,11.7,11.48,791621.5,0.06,0.52,11.51,11.404,1108645.85,1149001.45,1082216.09,0.47
000001,2017-09-07,11.65,11.75,11.44,11.39,614187.25,-0.26,-2.22,11.542,11.455,1001126.0,1117995.31,1064931.45,0.36
000001,2017-09-08,11.46,11.64,11.49,11.38,481276.16,0.05,0.44,11.598,11.493,905385.86,1069728.93,966963.1,0.28
000001,2017-09-11,11.54,11.69,11.38,11.3,699472.75,-0.11,-0.96,11.53,11.496,774815.28,979282.38,944053.51,0.41
000001,2017-09-12,11.38,11.54,11.54,11.27,846183.44,0.16,1.41,11.51,11.483,686548.22,928102.36,932604.56,0.5
000001,2017-09-13,11.49,11.54,11.43,11.34,668237.44,-0.11,-0.95,11.456,11.483,661871.41,885258.63,928176.13,0.39
000001,2017-09-14,11.43,11.59,11.32,11.24,883087.75,-0.11,-0.96,11.432,11.487,715651.51,858388.75,944648.41,0.52
000001,2017-09-15,11.29,11.32,11.29,11.15,646094.81,-0.03,-0.27,11.392,11.495,748615.24,827000.55,946127.13,0.38
000001,2017-09-18,11.25,11.32,11.25,11.2,607612.94,-0.04,-0.35,11.366,11.448,730243.28,752529.28,956550.04,0.36
000001,2017-09-19,11.25,11.34,11.13,11.08,764212.62,-0.12,-1.07,11.284,11.397,713849.11,700198.67,950976.58,0.45
000001,2017-09-20,11.14,11.37,11.29,11.05,787154.75,0.16,1.44,11.256,11.356,737632.57,699751.99,924376.72,0.47
000001,2017-09-21,11.26,11.51,11.46,11.2,692407.94,0.17,1.51,11.284,11.358,699496.61,707574.06,912784.69,0.41
000001,2017-09-22,11.43,11.52,11.44,11.31,593927.62,-0.02,-0.17,11.314,11.353,689063.17,718839.21,894284.07,0.35
000001,2017-09-25,11.44,11.45,11.29,11.18,532391.06,-0.15,-1.31,11.322,11.344,674018.8,702131.04,840706.71,0.31
000001,2017-09-26,11.26,11.3,11.05,10.96,967460.88,-0.24,-2.13,11.306,11.295,714668.45,714258.78,821180.57,0.57
000001,2017-09-27,11.01,11.08,10.93,10.9,727188.19,-0.12,-1.09,11.234,11.245,702675.14,720153.86,802706.24,0.43
000001,2017-09-28,10.98,10.98,10.88,10.82,517220.0,-0.05,-0.46,11.118,11.201,667637.55,683567.08,770977.92,0.31
000001,2017-09-29,10.92,11.16,11.11,10.86,682280.06,0.23,2.11,11.052,11.183,685308.04,687185.61,757093.08,0.4
000001,2017-10-09,11.57,11.64,11.3,11.26,1325227.25,0.19,1.71,11.054,11.188,843875.28,758947.04,755738.16,0.78
000001,2017-10-10,11.33,11.5,11.47,11.33,747925.25,0.17,1.5,11.138,11.222,799968.15,757318.3,728758.48,0.44
000001,2017-10-11,11.48,11.58,11.53,11.34,658077.62,0.06,0.52,11.258,11.246,786146.04,744410.59,722081.29,0.39
000001,2017-10-12,11.54,11.58,11.55,11.47,578065.31,0.02,0.17,11.392,11.255,798315.1,732976.32,720275.19,0.34
000001,2017-10-13,11.56,11.56,11.36,11.25,737376.0,-0.19,-1.65,11.442,11.247,809334.29,747321.16,733080.18,0.44
000001,2017-10-16,11.36,11.6,11.59,11.29,1036250.62,0.23,2.02,11.5,11.277,751538.96,797707.12,749919.08,0.61
000001,2017-10-17,11.62,11.65,11.51,11.48,506372.31,-0.08,-0.69,11.508,11.323,703228.37,751598.26,732928.52,0.3
000001,2017-10-18,11.53,11.7,11.69,11.51,871365.38,0.18,1.56,11.54,11.399,745885.92,766015.98,743084.92,0.52
000001,2017-10-19,11.64,11.72,11.63,11.57,722764.81,-0.06,-0.51,11.556,11.474,774825.82,786570.46,735068.77,0.43
000001,2017-10-20,11.59,11.59,11.48,11.41,461808.09,-0.15,-1.29,11.58,11.511,719712.24,764523.26,725854.44,0.27
000001,2017-10-23,11.39,11.4,11.19,11.15,1074465.0,-0.29,-2.53,11.5,11.5,727355.12,739447.04,749197.04,0.64
000001,2017-10-24,11.2,11.42,11.39,11.18,618871.94,0.2,1.79,11.476,11.492,749855.04,726541.71,741930.0,0.37
000001,2017-10-25,11.36,11.37,11.27,11.25,418573.59,-0.12,-1.05,11.392,11.466,659296.69,702591.31,723500.95,0.25
000001,2017-10-26,11.25,11.32,11.18,11.12,928996.06,-0.09,-0.8,11.302,11.429,700542.94,737684.38,735330.35,0.55
000001,2017-10-27,11.19,11.56,11.56,11.18,1360086.38,0.38,3.4,11.318,11.449,880198.59,799955.42,773638.29,0.8
000001,2017-10-30,11.55,11.73,11.56,11.45,1278247.0,0.0,0.0,11.392,11.446,920954.99,824155.06,810931.09,0.76
000001,2017-10-31,11.55,11.58,11.54,11.39,627491.38,-0.02,-0.17,11.422,11.449,922678.88,836266.96,793932.61,0.37
000001,2017-11-01,11.56,11.59,11.4,11.32,692617.94,-0.14,-1.21,11.448,11.42,977487.75,818392.22,792204.1,0.41
000001,2017-11-02,11.36,11.58,11.54,11.26,604308.5,0.14,1.23,11.52,11.411,912550.24,806546.59,796558.52,0.36
000001,2017-11-03,11.49,11.68,11.39,11.35,743343.19,-0.15,-1.3,11.486,11.402,789201.6,834700.1,799611.68,0.44
000001,2017-11-06,11.42,11.42,11.28,11.09,1029902.81,-0.11,-0.97,11.43,11.411,739532.76,830243.88,784845.46,0.61
000001,2017-11-07,11.27,12.09,11.92,11.25,2477163.25,0.64,5.67,11.506,11.464,1109467.14,1016073.01,871307.36,1.46
000001,2017-11-08,12.0,12.59,12.13,11.93,4262825.5,0.21,1.76,11.652,11.55,1823508.65,1400498.2,1051544.75,2.52
000001,2017-11-09,12.2,12.57,12.33,12.15,2295289.25,0.2,1.65,11.81,11.665,2161704.8,1537127.52,1137405.95,1.36
000001,2017-11-10,12.37,12.55,12.3,12.15,1757552.38,-0.03,-0.24,11.992,11.739,2364546.64,1576874.12,1188414.77,1.04
000002,2017-08-01,23.35,23.55,23.42,23.2,209522.62,0.05,0.21,23.368,23.917,332993.16,498229.11,571902.91,0.22
000002,2017-08-02,23.45,24.12,23.58,23.43,353910.16,0.16,0.68,23.4,23.761,342343.31,432813.05,552572.49,0.36
000002,2017-08-03,23.58,23.58,23.11,22.79,455189.41,-0.47,-1.99,23.422,23.537,348110.94,414964.28,537940.56,0.47
000002,2017-08-04,23.0,23.06,22.84,22.71,296123.06,-0.27,-1.17,23.264,23.343,324834.01,396810.33,529008.25,0.3
000002,2017-08-07,22.82,23.05,22.71,22.68,234091.48,-0.13,-0.57,23.132,23.234,309767.35,336693.47,511513.7,0.24
000002,2017-08-08,22.81,22.81,22.77,22.58,191585.0,0.06,0.26,23.002,23.185,306179.82,319586.49,490630.35,0.2
000002,2017-08-09,22.8,23.08,22.95,22.71,244983.95,0.18,0.79,22.876,23.138,284394.58,313368.95,479103.53,0.25
000002,2017-08-10,22.99,22.99,22.8,22.53,239302.28,-0.15,-0.65,22.814,23.118,241217.15,294664.05,441223.89,0.25
000002,2017-08-11,22.6,22.69,22.02,22.0,344130.97,-0.78,-3.42,22.65,22.957,250818.74,287826.37,416761.92,0.35
000002,2017-08-14,22.12,22.25,21.95,21.73,400870.41,-0.07,-0.32,22.498,22.815,284174.52,296970.93,426715.58,0.41
000002,2017-08-15,21.99,22.18,22.02,21.86,247722.44,0.07,0.32,22.348,22.675,295402.01,300790.92,399510.01,0.26
000002,2017-08-16,22.1,22.1,21.86,21.75,229564.84,-0.16,-0.73,22.13,22.503,292318.19,288356.38,360584.72,0.24
000002,2017-08-17,21.9,21.97,21.92,21.72,197748.77,0.06,0.27,21.954,22.384,284007.49,262612.32,338788.3,0.2
000002,2017-08-18,21.88,22.95,22.82,21.81,552724.81,0.9,4.11,22.114,22.382,325726.25,288272.5,342541.41,0.57
000002,2017-08-21,22.7,22.81,22.62,22.39,287832.44,-0.2,-0.88,22.248,22.373,303118.66,293646.59,315170.03,0.3
000002,2017-08-22,22.78,23.4,23.21,22.65,504123.47,0.59,2.61,22.486,22.417,354398.87,324900.44,322243.47,0.52
000002,2017-08-23,23.25,23.3,23.24,22.92,222221.19,0.03,0.13,22.762,22.446,352930.14,322624.16,317996.55,0.23
000002,2017-08-24,23.18,23.32,23.09,22.85,180488.95,-0.15,-0.65,22.996,22.475,349478.17,316742.83,305703.44,0.19
000002,2017-08-25,23.5,23.68,23.2,23.14,483898.56,0.11,0.48,23.072,22.593,335712.92,330719.59,309272.98,0.5
000002,2017-08-28,23.27,24.42,24.01,23.27,898477.81,0.81,3.49,23.35,22.799,457842.0,380480.33,338725.63,0.93
000002,2017-08-29,23.38,23.57,23.36,22.85,436613.53,0.14,0.6,23.38,22.933,444340.01,399369.44,350080.18,0.45
000002,2017-08-30,23.52,23.58,23.24,23.23,337202.16,-0.12,-0.51,23.38,23.071,467336.2,410133.17,349244.78,0.35
000002,2017-08-31,23.19,23.43,23.23,23.01,298893.59,-0.01,-0.04,23.408,23.202,491017.13,420247.65,341429.99,0.31
000002,2017-09-01,23.26,23.37,22.88,22.74,407080.28,-0.35,-1.51,23.344,23.208,475653.47,405683.2,346977.85,0.42
000002,2017-09-04,22.9,23.04,22.96,22.69,268283.34,0.08,0.35,23.134,23.242,349614.58,403728.29,348687.44,0.28
000002,2017-09-05,23.05,23.89,23.76,23.05,539792.94,0.8,3.48,23.214,23.297,370250.46,407295.24,366097.84,0.56
000002,2017-09-06,23.79,24.27,23.8,23.5,361719.62,0.04,0.17,23.326,23.353,375153.95,421245.08,371934.62,0.37
000002,2017-09-07,23.96,26.18,25.97,23.96,1274569.88,2.17,9.12,23.874,23.641,570289.21,530653.17,423698.0,1.31
000002,2017-09-08,25.9,26.28,25.79,25.16,795767.75,-0.18,-0.69,24.456,23.9,648026.71,561840.09,446279.84,0.82
000002,2017-09-11,25.61,26.39,25.28,25.03,582773.38,-0.51,-1.98,24.92,24.027,710924.71,530269.65,455374.99,0.6
000002,2017-09-12,25.03,25.47,25.26,24.82,442261.62,-0.02,-0.08,25.22,24.217,691418.45,530834.46,465101.95,0.46
000002,2017-09-13,25.3,26.05,25.76,24.99,467463.75,0.5,1.98,25.612,24.469,712567.28,543860.62,476996.89,0.48
000002,2017-09-14,25.78,28.06,27.56,25.55,1150696.12,1.8,6.99,25.93,24.902,687792.52,629040.87,524644.26,1.19
000002,2017-09-15,27.5,30.22,29.3,27.47,1550495.62,1.74,6.31,26.632,25.544,838738.1,743382.4,574532.8,1.6
000002,2017-09-18,29.01,29.74,28.04,27.99,1063043.0,-1.26,-4.3,27.184,26.052,934792.02,822858.37,613293.33,1.09
000002,2017-09-19,28.27,30.1,28.77,28.1,1196308.5,0.73,2.6,27.886,26.553,1085601.4,888509.92,647902.58,1.23
000002,2017-09-20,28.5,29.55,28.73,28.0,613095.75,-0.04,-0.14,28.48,27.046,1114727.8,913647.54,667446.31,0.63
000002,2017-09-21,28.5,29.06,28.4,27.75,536324.0,-0.33,-1.15,28.648,27.289,991853.37,839822.95,685238.06,0.55
000002,2017-09-22,28.39,28.67,27.81,27.52,423093.12,-0.59,-2.08,28.35,27.491,766372.87,802555.49,682197.79,0.44
000002,2017-09-25,27.2,27.2,26.12,26.1,722702.56,-1.69,-6.08,27.966,27.575,698304.79,816548.4,673409.03,0.74
000002,2017-09-26,26.12,27.22,26.76,26.1,593044.56,0.64,2.45,27.564,27.725,577652.0,831626.7,681230.58,0.61
000002,2017-09-27,27.0,27.28,26.84,26.52,367534.16,0.08,0.3,27.186,27.833,528539.68,821633.74,682747.18,0.38
000002,2017-09-28,27.0,27.15,26.41,26.4,262347.0,-0.43,-1.6,26.788,27.718,473744.28,732798.83,680919.85,0.27
000002,2017-09-29,26.56,26.8,26.25,26.0,345752.69,-0.16,-0.61,26.476,27.413,458276.19,612324.53,677853.47,0.36
000002,2017-10-09,27.45,27.65,26.47,26.24,711737.44,0.22,0.84,26.546,27.256,456083.17,577193.98,700026.17,0.73
000002,2017-10-10,26.4,26.69,26.59,26.19,367101.28,0.12,0.45,26.512,27.038,410894.51,494273.26,691391.59,0.38
000002,2017-10-11,26.69,27.27,26.87,26.47,425997.41,0.28,1.05,26.518,26.852,422587.16,475563.42,694605.48,0.44
000002,2017-10-12,26.99,27.2,27.1,26.72,348979.69,0.23,0.86,26.656,26.722,439913.7,456828.99,648325.97,0.36
000002,2017-10-13,27.2,27.58,26.93,26.81,329928.03,-0.17,-0.63,26.792,26.634,436748.77,447512.48,625033.98,0.34
000002,2017-10-16,26.96,26.97,26.31,26.13,315008.09,-0.62,-2.3,26.76,26.653,357402.9,406743.04,611645.72,0.32
000002,2017-10-17,26.32,26.52,26.21,26.14,184811.06,-0.1,-0.38,26.684,26.598,320944.86,365919.69,598773.19,0.19
000002,2017-10-18,26.21,26.56,26.43,25.61,334052.41,0.22,0.84,26.596,26.557,302555.86,362571.51,592102.62,0.34
000002,2017-10-19,26.44,26.57,26.05,26.01,202525.56,-0.38,-1.44,26.386,26.521,273265.03,356589.37,544694.1,0.21
000002,2017-10-20,26.0,26.23,26.16,25.73,145915.38,0.11,0.42,26.232,26.512,236462.5,336605.64,474465.08,0.15
000002,2017-10-23,26.17,26.2,25.93,25.77,197527.2,-0.23,-0.88,26.156,26.458,212966.32,285184.61,431189.29,0.2
000002,2017-10-24,25.81,27.2,27.0,25.81,509187.97,1.07,4.13,26.314,26.499,277841.7,299393.28,396833.27,0.52
000002,2017-10-25,27.01,28.0,27.43,26.86,445727.44,0.43,1.59,26.514,26.555,300176.71,301366.28,388464.85,0.46
000002,2017-10-26,27.3,27.88,27.53,26.91,422766.84,0.1,0.36,26.81,26.598,344224.97,308745.0,382786.99,0.44
000002,2017-10-27,27.7,28.28,27.5,27.26,447443.84,-0.03,-0.11,27.078,26.655,404530.66,320496.58,384004.53,0.46
000002,2017-10-30,27.5,29.0,28.98,27.41,676711.06,1.48,5.38,27.688,26.922,500367.43,356666.88,381704.96,0.7
000002,2017-10-31,28.8,29.28,28.96,28.28,463277.75,-0.02,-0.07,28.08,27.197,491185.39,384513.55,375216.62,0.48
000002,2017-11-01,28.96,30.54,29.15,28.73,622931.19,0.19,0.66,28.424,27.469,526626.14,413401.42,387986.47,0.64
000002,2017-11-02,29.3,29.48,29.45,28.68,361906.47,0.3,1.03,28.808,27.809,514454.06,429339.51,392964.44,0.37
000002,2017-11-03,29.23,29.52,28.19,28.05,455428.47,-1.26,-4.28,28.946,28.012,516050.99,460290.82,398448.23,0.47
000002,2017-11-06,28.2,28.27,27.46,26.95,509485.09,-0.73,-2.59,28.642,28.165,482605.79,491486.61,388335.61,0.52
000002,2017-11-07,27.36,27.95,27.85,27.3,379818.16,0.39,1.42,28.42,28.25,465913.88,478549.63,388971.46,0.39
000002,2017-11-08,27.75,28.14,27.64,27.41,398661.28,-0.21,-0.75,28.118,28.271,421059.89,473843.01,387604.65,0.41
000002,2017-11-09,27.52,27.79,27.67,27.3,234126.98,0.03,0.11,27.762,28.285,395504.0,454979.03,381862.01,0.24
000002,2017-11-10,27.6,27.83,27.51,27.36,305912.75,-0.16,-0.58,27.626,28.286,365600.85,440825.92,380661.25,0.32
000004,2017-08-01,22.43,22.48,22.36,22.16,6533.88,0.05,0.22,22.152,21.79,12615.28,13115.21,15894.63,0.79
000004,2017-08-02,22.37,22.37,21.85,21.82,7923.95,-0.51,-2.28,22.238,21.839,12700.98,12302.4,15529.65,0.96
000004,2017-08-03,21.81,22.35,22.22,21.61,8492.92,0.37,1.69,22.174,21.91,8902.85,10967.3,15138.55,1.02
000004,2017-08-04,22.18,22.32,21.88,21.88,7110.22,-0.34,-1.53,22.124,21.948,7462.58,10366.81,14694.06,0.86
000004,2017-08-07,21.8,22.13,22.0,21.6,6696.42,0.12,0.55,22.062,22.011,7351.48,10119.53,14166.68,0.81
000004,2017-08-08,21.98,22.09,21.91,21.51,8108.19,-0.09,-0.41,21.972,22.062,7666.34,10140.81,13924.69,0.98
000004,2017-08-09,21.92,22.33,22.17,21.88,10677.87,0.26,1.19,22.036,22.137,8217.12,10459.05,13567.22,1.29
000004,2017-08-10,22.21,22.28,21.8,21.6,9005.71,-0.37,-1.67,21.952,22.063,8319.68,8611.27,13304.92,1.09
000004,2017-08-11,21.67,22.79,22.01,21.51,17957.17,0.21,0.96,21.978,22.051,10489.07,8975.83,13149.7,2.16
000004,2017-08-14,21.64,22.19,22.18,21.64,11302.62,0.17,0.77,22.014,22.038,11410.31,9380.9,12160.61,1.36
000004,2017-08-15,22.17,22.4,22.22,22.01,9489.9,0.04,0.18,22.076,22.024,11686.65,9676.5,11395.85,1.14
000004,2017-08-16,22.22,22.76,22.66,22.2,16829.01,0.44,1.98,22.174,22.105,12916.88,10567.0,11434.7,2.03
000004,2017-08-17,22.68,24.48,23.48,22.67,28987.95,0.82,3.62,22.51,22.231,16913.33,12616.51,11791.9,3.49
000004,2017-08-18,23.16,23.3,23.1,22.87,15597.58,-0.38,-1.62,22.728,22.353,16441.41,13465.24,11916.03,1.88
000004,2017-08-21,23.08,23.55,23.31,22.9,10796.97,0.21,0.91,22.954,22.484,16340.28,13875.3,11997.41,1.3
000004,2017-08-22,23.29,23.44,22.93,22.9,9990.99,-0.38,-1.63,23.096,22.586,16440.5,14063.58,12102.19,1.2
000004,2017-08-23,22.93,23.15,22.67,22.56,10534.45,-0.26,-1.13,23.098,22.636,15181.59,14049.23,12254.14,1.27
000004,2017-08-24,22.67,22.82,22.4,22.38,10494.8,-0.27,-1.19,22.882,22.696,11482.96,14198.14,11404.7,1.26
000004,2017-08-25,22.45,22.77,22.66,22.35,10038.92,0.26,1.16,22.794,22.761,10371.23,13406.32,11191.07,1.21
000004,2017-08-28,22.64,23.08,23.02,22.64,11249.81,0.36,1.59,22.736,22.845,10461.79,13401.04,11390.97,1.36
000004,2017-08-29,23.03,23.25,22.93,22.83,14279.92,-0.09,-0.39,22.736,22.916,11319.58,13880.04,11778.27,1.72
000004,2017-08-30,22.88,22.96,22.7,22.6,13069.08,-0.23,-1.0,22.742,22.92,11826.51,13504.05,12035.53,1.58
000004,2017-08-31,22.75,23.16,23.15,22.66,16999.15,0.45,1.98,22.892,22.887,13127.38,12305.17,12460.84,2.05
000004,2017-09-01,23.16,23.26,23.08,22.96,10381.81,-0.07,-0.3,22.976,22.885,13195.95,11783.59,12624.42,1.25
000004,2017-09-04,23.08,23.13,22.95,22.83,17713.61,-0.13,-0.56,22.962,22.849,14488.71,12475.25,13175.28,2.14
000004,2017-09-05,22.99,23.23,23.12,22.85,14132.96,0.17,0.74,23.0,22.868,14459.32,12889.45,13476.51,1.7
000004,2017-09-06,22.99,23.65,23.6,22.82,26890.63,0.48,2.08,23.18,22.961,17223.63,14525.07,14287.15,3.24
000004,2017-09-07,23.7,24.74,24.47,23.45,42751.83,0.87,3.69,23.444,23.168,22374.17,17750.77,15974.46,5.15
000004,2017-09-08,24.45,24.64,24.58,24.14,30989.82,0.11,0.45,23.744,23.36,26495.77,19845.86,16626.09,3.74
000004,2017-09-11,24.57,25.5,25.46,24.42,31999.48,0.88,3.58,24.246,23.604,29352.94,21920.83,17660.93,3.86
000004,2017-09-12,25.31,25.31,24.71,24.68,27387.6,-0.75,-2.95,24.564,23.782,32003.87,23231.6,18555.82,3.3
000004,2017-09-13,24.61,25.1,24.84,24.37,10777.64,0.13,0.53,24.812,23.996,28781.27,23002.45,18253.25,1.3
000004,2017-09-14,24.66,25.7,25.05,24.54,13998.0,0.21,0.84,24.928,24.186,23030.51,22702.34,17503.75,1.69
000004,2017-09-15,25.17,25.17,24.76,24.69,12297.08,-0.29,-1.16,24.964,24.354,19291.96,22893.87,17338.73,1.48
000004,2017-09-18,24.2,24.97,24.76,24.2,7343.16,0.0,0.0,24.824,24.535,14360.7,21856.82,17166.04,0.89
000004,2017-09-19,24.89,25.26,24.48,24.31,7492.0,-0.28,-1.13,24.778,24.671,10381.58,21192.72,17041.09,0.9
000004,2017-09-20,24.36,24.68,24.49,24.33,7456.32,0.01,0.04,24.708,24.76,9717.31,19249.29,16887.18,0.9
000004,2017-09-21,24.49,24.59,24.32,24.28,5790.0,-0.17,-0.69,24.562,24.745,8075.71,15553.11,16651.94,0.7
000004,2017-09-22,24.35,24.54,24.27,24.11,8364.01,-0.05,-0.21,24.464,24.714,7289.1,13290.53,16568.2,1.01
000004,2017-09-25,23.99,24.4,24.15,23.99,5104.1,-0.12,-0.49,24.342,24.583,6841.29,10600.99,16260.91,0.62
000004,2017-09-26,23.99,24.5,24.27,23.44,18935.57,0.12,0.5,24.3,24.539,9130.0,9755.79,16493.69,2.28
000004,2017-09-27,24.02,24.24,24.14,23.89,6734.46,-0.13,-0.54,24.23,24.469,8985.63,9351.47,16176.96,0.81
000004,2017-09-28,24.1,24.2,23.45,23.41,8714.0,-0.69,-2.86,24.056,24.309,9570.43,8823.07,15762.7,1.05
000004,2017-09-29,23.44,24.15,24.07,23.42,7680.46,0.62,2.64,24.016,24.24,9433.72,8361.41,15627.64,0.93
000004,2017-10-09,24.1,24.48,24.44,23.81,6814.02,0.37,1.54,24.074,24.208,9775.7,8308.49,15082.66,0.82
000004,2017-10-10,24.42,25.58,25.4,24.29,21272.63,0.96,3.93,24.3,24.3,10243.11,9686.56,15439.64,2.56
000004,2017-10-11,25.4,26.08,25.3,25.01,19966.77,-0.1,-0.39,24.532,24.381,12889.58,10937.6,15093.45,2.41
000004,2017-10-12,25.03,25.33,25.33,24.87,8959.57,0.03,0.12,24.908,24.482,12938.69,11254.56,13403.83,1.08
000004,2017-10-13,25.3,25.37,25.22,24.88,8056.61,-0.11,-0.43,25.138,24.577,13013.92,11223.82,12257.17,0.97
000004,2017-10-16,25.21,25.68,25.65,24.61,13212.34,0.43,1.71,25.38,24.727,14293.58,12034.64,11317.82,1.59
000004,2017-10-17,25.23,25.5,25.23,24.98,4993.85,-0.42,-1.64,25.346,24.823,11037.83,10640.47,10198.13,0.6
000004,2017-10-18,25.06,25.36,25.18,25.05,5979.29,-0.05,-0.2,25.322,24.927,8240.33,10564.95,9958.21,0.72
000004,2017-10-19,25.18,25.2,24.98,24.71,5461.0,-0.2,-0.79,25.252,25.08,7540.62,10239.65,9531.36,0.66
000004,2017-10-20,24.77,25.25,25.09,24.77,3464.84,0.11,0.44,25.226,25.182,6622.26,9818.09,9089.75,0.42
000004,2017-10-23,25.09,25.11,25.11,24.82,5261.18,0.02,0.08,25.118,25.249,5032.03,9662.81,8985.65,0.63
000004,2017-10-24,25.11,25.15,25.0,24.9,4102.24,-0.11,-0.44,25.072,25.209,4853.71,7945.77,8816.16,0.49
000004,2017-10-25,24.71,25.08,25.05,24.66,4108.09,0.05,0.2,25.046,25.184,4479.47,6359.9,8648.75,0.5
000004,2017-10-26,25.05,25.05,24.87,24.8,2442.09,-0.18,-0.72,25.024,25.138,3875.69,5708.15,8481.36,0.29
000004,2017-10-27,24.97,24.99,24.25,24.17,7090.59,-0.62,-2.49,24.856,25.041,4600.84,5611.55,8417.69,0.85
000004,2017-10-30,24.1,24.1,23.87,23.2,9890.58,-0.38,-1.57,24.608,24.863,5526.72,5279.38,8657.01,1.19
000004,2017-10-31,23.7,23.82,23.66,23.12,9122.1,-0.21,-0.88,24.34,24.706,6530.69,5692.2,8166.34,1.1
000004,2017-11-01,23.59,23.86,23.68,23.35,5574.01,0.02,0.09,24.066,24.556,6823.87,5651.67,8108.31,0.67
000004,2017-11-02,23.55,23.76,23.6,23.03,7704.0,-0.08,-0.34,23.812,24.418,7876.26,5875.97,8057.81,0.93
000004,2017-11-03,23.6,23.66,23.16,23.03,4791.0,-0.44,-1.86,23.594,24.225,7416.34,6008.59,7913.34,0.58
000004,2017-11-06,23.36,23.36,23.21,23.0,2522.21,0.05,0.22,23.462,24.035,5942.66,5734.69,7698.75,0.3
000004,2017-11-07,23.34,23.36,23.34,23.15,3374.26,0.13,0.56,23.398,23.869,4793.1,5661.89,6803.83,0.41
000004,2017-11-08,23.38,23.79,23.5,23.25,4295.46,0.16,0.69,23.362,23.714,4537.39,5680.63,6020.27,0.52
000004,2017-11-09,23.5,23.63,23.57,23.36,3067.99,0.07,0.3,23.356,23.584,3610.18,5743.22,5725.69,0.37
000004,2017-11-10,23.57,25.93,25.93,23.53,55536.54,2.36,10.01,23.91,23.752,13759.29,10587.82,8099.68,6.69
000005,2017-08-01,4.93,5.02,4.96,4.91,73435.6,0.02,0.41,4.944,4.921,62668.11,50777.34,61302.39,0.77
000005,2017-08-02,4.95,5.04,4.93,4.92,63133.0,-0.03,-0.6,4.942,4.926,57717.1,52641.31,62275.15,0.66
000005,2017-08-03,4.93,4.97,4.94,4.91,54536.1,0.01,0.2,4.94,4.928,53617.89,53119.01,62288.57,0.57
000005,2017-08-04,4.93,4.94,4.9,4.89,51589.0,-0.04,-0.81,4.934,4.927,56244.37,54628.11,62574.31,0.54
000005,2017-08-07,4.9,4.93,4.89,4.88,34670.31,-0.01,-0.2,4.924,4.924,55472.8,55143.95,61336.75,0.36
000005,2017-08-08,4.89,4.91,4.88,4.87,36956.47,-0.01,-0.2,4.908,4.926,48176.98,55422.54,55774.21,0.39
000005,2017-08-09,4.89,4.9,4.88,4.86,33257.63,0.0,0.0,4.898,4.92,42201.9,49959.5,51969.24,0.35
000005,2017-08-10,4.89,4.9,4.83,4.8,48505.31,-0.05,-1.02,4.876,4.908,40995.74,47306.82,52062.88,0.51
000005,2017-08-11,4.82,4.83,4.76,4.75,55722.97,-0.07,-1.45,4.848,4.891,41822.54,49033.46,52216.79,0.59
000005,2017-08-14,4.75,4.84,4.8,4.75,46641.16,0.04,0.84,4.83,4.877,44216.71,49844.75,48953.38,0.49
000005,2017-08-15,4.8,4.83,4.81,4.78,40159.28,0.01,0.21,4.816,4.862,44857.27,46517.12,48647.23,0.42
000005,2017-08-16,4.81,4.84,4.82,4.76,42034.03,0.01,0.21,4.804,4.851,46612.55,44407.23,48524.27,0.44
000005,2017-08-17,4.83,4.87,4.86,4.81,58917.47,0.04,0.83,4.81,4.843,48694.98,44845.36,48982.19,0.62
000005,2017-08-18,4.84,4.88,4.87,4.8,51924.27,0.01,0.21,4.832,4.84,47935.24,44878.89,49753.5,0.55
000005,2017-08-21,4.86,4.9,4.89,4.85,58059.12,0.02,0.41,4.85,4.84,50218.83,47217.77,51180.86,0.61
000005,2017-08-22,4.89,4.89,4.83,4.82,47945.4,-0.06,-1.23,4.854,4.835,51776.06,48316.66,51869.6,0.5
000005,2017-08-23,4.83,4.85,4.81,4.79,37169.5,-0.02,-0.41,4.852,4.828,50803.15,48707.85,49333.68,0.39
000005,2017-08-24,4.84,5.05,4.87,4.84,157380.48,0.06,1.25,4.854,4.832,70495.75,59595.37,53451.09,1.65
000005,2017-08-25,4.81,4.87,4.87,4.76,88463.24,0.0,0.0,4.854,4.843,77803.55,62869.4,55951.43,0.93
000005,2017-08-28,4.86,4.89,4.88,4.83,90392.45,0.01,0.2,4.852,4.851,84270.21,67244.52,58544.64,0.95
000005,2017-08-29,4.88,4.91,4.89,4.86,70120.84,0.01,0.2,4.864,4.859,88705.3,70240.68,58378.9,0.74
000005,2017-08-30,4.92,4.95,4.89,4.88,88334.24,0.0,0.0,4.88,4.866,98938.25,74870.7,59638.96,0.93
000005,2017-08-31,4.89,4.91,4.89,4.85,51920.09,0.0,0.0,4.884,4.869,77846.17,74170.96,59508.16,0.55
000005,2017-09-01,4.89,4.89,4.87,4.85,45271.9,-0.02,-0.41,4.884,4.869,69207.9,73505.73,59192.31,0.48
000005,2017-09-04,4.87,4.89,4.86,4.85,58185.25,-0.01,-0.2,4.88,4.866,62766.46,73518.34,60368.06,0.61
000005,2017-09-05,4.86,4.88,4.87,4.85,75551.33,0.01,0.21,4.876,4.87,63852.56,76278.93,62297.8,0.79
000005,2017-09-06,4.86,4.91,4.9,4.84,83135.19,0.03,0.62,4.878,4.879,62812.75,80875.5,64791.68,0.87
000005,2017-09-07,4.9,4.94,4.9,4.88,97443.51,0.0,0.0,4.88,4.882,71917.44,74881.8,67238.59,1.02
000005,2017-09-08,4.89,5.39,5.39,4.87,645502.5,0.49,10.0,4.984,4.934,191963.56,130585.73,96727.56,6.79
000005,2017-09-11,5.45,5.7,5.53,5.35,752149.06,0.14,2.6,5.118,4.999,330756.32,196761.39,132002.96,7.91
000005,2017-09-12,5.48,5.75,5.33,5.3,715830.31,-0.2,-3.62,5.21,5.043,458812.11,261332.34,165786.51,7.53
000005,2017-09-13,5.23,5.38,5.25,5.23,298810.88,-0.08,-1.5,5.28,5.079,501947.25,282380.0,178625.35,3.14
000005,2017-09-14,5.25,5.34,5.2,5.17,210313.41,-0.05,-0.95,5.34,5.11,524521.23,298219.33,186195.15,2.21
000005,2017-09-15,5.18,5.3,5.23,5.18,182670.59,0.03,0.58,5.308,5.146,431954.85,311959.2,192732.46,1.92
000005,2017-09-18,5.21,5.29,5.25,5.18,140114.2,0.02,0.38,5.252,5.185,309547.88,320152.1,196835.22,1.47
000005,2017-09-19,5.25,5.47,5.34,5.21,279301.44,0.09,1.71,5.254,5.232,222242.1,340527.11,208403.02,2.94
000005,2017-09-20,5.3,5.33,5.29,5.22,153149.05,-0.05,-0.94,5.262,5.271,193109.74,347528.5,214202.0,1.61
000005,2017-09-21,5.29,5.29,5.16,5.16,134269.0,-0.13,-2.46,5.254,5.297,177900.86,351211.04,213046.42,1.41
000005,2017-09-22,5.2,5.2,5.12,5.1,85135.07,-0.04,-0.78,5.232,5.27,158393.75,295174.3,212880.02,0.9
000005,2017-09-25,5.09,5.09,5.05,5.03,92891.75,-0.07,-1.37,5.192,5.222,148949.26,229248.57,213004.98,0.98
000005,2017-09-26,5.05,5.06,5.04,5.0,59866.43,-0.01,-0.2,5.132,5.193,105062.26,163652.18,212492.26,0.63
000005,2017-09-27,5.03,5.1,5.09,5.03,63034.57,0.05,0.99,5.092,5.177,87039.36,140074.55,211227.28,0.66
000005,2017-09-28,5.09,5.09,5.01,5.0,64555.93,-0.08,-1.57,5.062,5.158,73096.75,125498.8,211859.07,0.68
000005,2017-09-29,5.01,5.08,5.05,5.01,55655.94,0.04,0.8,5.048,5.14,67200.92,112797.34,212378.27,0.59
000005,2017-10-09,5.08,5.12,5.08,5.06,69803.23,0.03,0.59,5.054,5.123,62583.22,105766.24,212959.17,0.73
000005,2017-10-10,5.08,5.12,5.1,5.04,98293.8,0.02,0.39,5.066,5.099,70268.69,87665.48,214096.29,1.03
000005,2017-10-11,5.11,5.16,5.16,5.08,105574.18,0.06,1.18,5.08,5.086,78776.62,82907.99,215218.24,1.11
000005,2017-10-12,5.16,5.19,5.08,5.06,91924.97,-0.08,-1.55,5.094,5.078,84250.42,78673.59,214942.32,0.97
000005,2017-10-13,5.08,5.26,5.2,5.04,141959.05,0.12,2.36,5.124,5.086,101511.05,84355.99,189765.14,1.49
000005,2017-10-16,5.15,5.16,5.04,5.03,128339.37,-0.16,-3.08,5.116,5.085,113218.27,87900.75,158574.66,1.35
000005,2017-10-17,5.02,5.07,5.03,5.01,39928.23,-0.01,-0.2,5.102,5.084,101545.16,85906.93,124779.55,0.42
000005,2017-10-18,5.03,5.06,4.91,4.91,80203.24,-0.12,-2.39,5.052,5.066,96470.97,87623.79,113849.17,0.84
000005,2017-10-19,4.91,4.95,4.84,4.83,69482.61,-0.07,-1.43,5.004,5.049,91982.5,88116.46,106807.63,0.73
000005,2017-10-20,4.84,4.9,4.9,4.83,53273.88,0.06,1.24,4.944,5.034,74245.47,87878.26,100337.8,0.56
000005,2017-10-23,4.9,4.98,4.94,4.9,49066.31,0.04,0.82,4.924,5.02,58390.85,85804.56,95785.4,0.52
000005,2017-10-24,4.94,4.94,4.88,4.84,58236.66,-0.06,-1.22,4.894,4.998,62052.54,81798.85,84732.16,0.61
000005,2017-10-25,4.89,4.91,4.9,4.85,39895.0,0.02,0.41,4.892,4.972,53990.89,75230.93,79069.46,0.42
000005,2017-10-26,4.9,4.91,4.91,4.87,49247.19,0.01,0.2,4.906,4.955,49943.81,70963.15,74818.37,0.52
000005,2017-10-27,4.89,4.91,4.86,4.86,40196.92,-0.05,-1.02,4.898,4.921,47328.42,60786.94,72571.46,0.42
000005,2017-10-30,4.87,4.88,4.72,4.7,74550.0,-0.14,-2.88,4.854,4.889,52425.15,55408.0,71654.38,0.78
000005,2017-10-31,4.66,4.76,4.73,4.66,42266.32,0.01,0.21,4.824,4.859,49231.09,55641.81,70774.37,0.44
000005,2017-11-01,4.73,4.73,4.68,4.67,55028.07,-0.05,-1.06,4.78,4.836,52257.7,53124.3,70374.05,0.58
000005,2017-11-02,4.7,4.7,4.62,4.6,64776.1,-0.06,-1.28,4.722,4.814,55363.48,52653.65,70385.05,0.68
000005,2017-11-03,4.62,4.63,4.55,4.52,55793.03,-0.07,-1.51,4.66,4.779,58482.7,52905.56,70391.91,0.59
000005,2017-11-06,4.55,4.56,4.56,4.5,30162.03,0.01,0.22,4.628,4.741,49605.11,51015.13,68409.85,0.32
000005,2017-11-07,4.56,4.65,4.63,4.52,54876.04,0.07,1.53,4.608,4.716,52127.05,50679.07,66238.96,0.58
000005,2017-11-08,4.63,4.63,4.61,4.59,40519.4,-0.02,-0.43,4.594,4.687,49225.32,50741.51,62986.22,0.43
000005,2017-11-09,4.61,4.66,4.65,4.59,44863.05,0.04,0.87,4.6,4.661,45242.71,50303.1,60633.13,0.47
000005,2017-11-10,4.64,4.65,4.64,4.59,47488.0,-0.01,-0.21,4.618,4.639,43581.7,51032.2,55909.57,0.5
000006,2017-08-01,8.49,8.63,8.63,8.46,194588.91,0.12,1.41,8.536,8.503,143166.39,139561.3,140735.26,1.45
000006,2017-08-02,8.6,8.66,8.46,8.45,158340.86,-0.17,-1.97,8.538,8.522,148902.35,145421.55,143545.51,1.18
000006,2017-08-03,8.45,8.46,8.34,8.32,144142.91,-0.12,-1.42,8.488,8.507,143623.78,138130.85,143513.24,1.07
000006,2017-08-04,8.33,8.4,8.35,8.33,74276.58,0.01,0.12,8.458,8.495,139039.62,133566.07,141878.51,0.55
000006,2017-08-07,8.36,8.41,8.4,8.33,72995.8,0.05,0.6,8.436,8.482,128869.01,127990.53,137635.72,0.54
000006,2017-08-08,8.4,8.52,8.46,8.31,120272.48,0.06,0.71,8.402,8.469,114005.73,128586.06,135370.93,0.89
000006,2017-08-09,8.4,8.52,8.43,8.37,103416.47,-0.03,-0.35,8.396,8.467,103020.85,125961.6,131462.83,0.77
000006,2017-08-10,8.4,8.5,8.4,8.35,107820.11,-0.03,-0.36,8.408,8.448,95756.29,119690.03,129978.25,0.8
000006,2017-08-11,8.34,8.36,8.12,8.1,152034.0,-0.28,-3.33,8.362,8.41,111307.77,125173.69,131580.93,1.13
000006,2017-08-14,8.13,8.21,8.18,8.12,86856.87,0.06,0.74,8.318,8.377,114079.99,121474.5,125554.59,0.65
000006,2017-08-15,8.18,8.29,8.26,8.15,86352.87,0.08,0.98,8.278,8.34,107296.06,110650.89,125106.1,0.64
000006,2017-08-16,8.25,8.28,8.26,8.19,62089.97,0.0,0.0,8.244,8.32,99030.76,101025.81,123223.68,0.46
000006,2017-08-17,8.22,8.3,8.29,8.21,83632.5,0.03,0.36,8.222,8.315,94193.24,94974.76,116552.81,0.62
000006,2017-08-18,8.27,8.39,8.36,8.23,136918.8,0.07,0.84,8.27,8.316,91170.2,101238.99,117402.53,1.02
000006,2017-08-21,8.4,8.42,8.37,8.32,97518.72,0.01,0.12,8.308,8.313,93302.57,103691.28,115840.9,0.72
000006,2017-08-22,8.38,8.41,8.33,8.29,90319.96,-0.04,-0.48,8.322,8.3,94095.99,100696.03,114641.04,0.67
000006,2017-08-23,8.33,8.33,8.29,8.27,50640.92,-0.04,-0.48,8.328,8.286,91806.18,95418.47,110690.04,0.38
000006,2017-08-24,8.29,8.4,8.28,8.25,81645.0,-0.01,-0.12,8.326,8.274,91408.68,92800.96,106245.5,0.61
000006,2017-08-25,8.27,8.37,8.37,8.25,74982.76,0.09,1.09,8.328,8.299,79021.47,85095.84,105134.77,0.56
000006,2017-08-28,8.36,8.44,8.41,8.35,98041.48,0.04,0.48,8.336,8.322,79126.02,86214.3,103844.4,0.73
000006,2017-08-29,8.46,8.53,8.41,8.39,88879.5,0.0,0.0,8.352,8.337,78837.93,86466.96,98558.93,0.66
000006,2017-08-30,8.47,8.92,8.58,8.43,307322.69,0.17,2.02,8.41,8.369,130174.29,110990.23,106008.02,2.28
000006,2017-08-31,8.5,8.56,8.45,8.39,190733.06,-0.13,-1.51,8.444,8.385,151991.9,121700.29,108337.53,1.42
000006,2017-09-01,8.49,8.5,8.42,8.4,129991.03,-0.03,-0.35,8.454,8.391,162993.55,121007.51,111123.25,0.97
000006,2017-09-04,8.4,8.77,8.77,8.37,332608.72,0.35,4.16,8.526,8.431,209907.0,144516.51,124103.9,2.47
000006,2017-09-05,8.79,8.87,8.85,8.68,400523.81,0.08,0.91,8.614,8.483,272235.86,175536.9,138116.46,2.98
000006,2017-09-06,8.87,9.15,9.09,8.76,596429.62,0.24,2.71,8.716,8.563,330057.25,230115.77,162767.12,4.43
000006,2017-09-07,9.01,9.62,9.34,9.0,849085.19,0.25,2.75,8.894,8.669,461727.67,306859.79,199830.37,6.31
000006,2017-09-08,9.3,10.27,9.85,9.13,1321410.25,0.51,5.46,9.18,8.817,700011.52,431502.54,258299.19,9.82
000007,2017-08-01,16.77,17.53,17.37,16.77,100044.06,0.6,3.58,16.798,16.236,76832.95,80208.63,56853.98,3.24
000007,2017-08-02,17.42,17.6,16.93,16.9,53135.78,-0.44,-2.53,16.79,16.478,67452.03,79365.32,58219.67,1.72
000007,2017-08-03,16.93,17.35,17.16,16.75,40550.77,0.23,1.36,16.884,16.735,61306.76,80190.24,59449.87,1.31
000007,2017-08-04,17.0,17.18,17.15,16.88,27038.58,-0.01,-0.06,17.076,16.845,55071.12,69292.2,59968.64,0.88
000007,2017-08-07,17.0,17.2,16.88,16.84,15525.85,-0.27,-1.57,17.098,16.873,47259.01,58420.78,59987.88,0.5
000007,2017-08-08,16.87,17.21,17.18,16.7,27273.22,0.3,1.78,17.06,16.929,32704.84,54768.9,60275.72,0.88
000007,2017-08-09,17.24,17.29,16.91,16.83,19149.0,-0.27,-1.57,17.056,16.923,25907.48,46679.76,60059.18,0.62
000007,2017-08-10,16.78,17.0,16.62,16.5,26921.89,-0.29,-1.72,16.948,16.916,23181.71,42244.24,60795.21,0.87
000007,2017-08-11,16.5,16.96,16.7,16.5,19487.18,0.08,0.48,16.858,16.967,21671.43,38371.27,60232.27,0.63
000007,2017-08-14,16.69,16.99,16.7,16.59,17164.68,0.0,0.0,16.822,16.96,21999.19,34629.1,59305.95,0.56
000007,2017-08-15,16.69,16.88,16.65,16.59,10618.8,-0.05,-0.3,16.716,16.888,18668.31,25686.58,52947.6,0.34
000007,2017-08-16,16.65,16.78,16.14,15.88,26464.89,-0.51,-3.06,16.562,16.809,20131.49,23019.49,51192.4,0.86
000007,2017-08-17,16.54,16.54,16.05,15.8,24821.36,-0.09,-0.56,16.448,16.698,19711.38,21446.55,50818.39,0.8
000007,2017-08-18,16.01,16.01,15.82,15.6,19432.87,-0.23,-1.43,16.272,16.565,19700.52,20685.97,44989.09,0.63
000007,2017-08-21,15.8,16.08,15.87,15.8,17737.21,0.05,0.32,16.106,16.464,19815.03,20907.11,39663.94,0.57
000007,2017-08-22,15.87,16.2,16.0,15.8,18947.68,0.13,0.82,15.976,16.346,21480.8,20074.56,37421.73,0.61
000007,2017-08-23,16.0,16.18,15.99,15.81,12074.21,-0.01,-0.06,15.946,16.254,18602.67,19367.08,33023.42,0.39
000007,2017-08-24,15.82,17.0,16.12,15.81,26612.5,0.13,0.81,15.96,16.204,18960.89,19336.14,30790.19,0.86
000007,2017-08-25,16.12,16.3,15.94,15.77,18377.53,-0.18,-1.12,15.984,16.128,18749.83,19225.17,28798.22,0.59
000007,2017-08-28,16.0,16.0,15.58,15.47,40968.4,-0.36,-2.26,15.926,16.016,23396.06,21605.54,28117.32,1.33
000007,2017-08-29,15.57,15.91,15.72,15.01,32900.34,0.14,0.9,15.87,15.923,26186.6,23833.7,24760.14,1.06
000007,2017-08-30,15.72,16.1,15.95,15.53,27208.52,0.23,1.46,15.862,15.904,29213.46,23908.06,23463.77,0.88
000007,2017-08-31,15.75,15.89,15.72,15.62,20795.1,-0.23,-1.44,15.782,15.871,28049.98,23505.44,22475.99,0.67
000007,2017-09-01,15.62,15.84,15.5,15.44,22262.81,-0.22,-1.4,15.694,15.839,28827.03,23788.43,22237.2,0.72
000007,2017-09-04,15.65,15.8,15.65,15.41,19164.43,0.15,0.97,15.708,15.817,24466.24,23931.15,22419.13,0.62
000007,2017-09-05,15.69,15.78,15.63,15.46,16405.01,-0.02,-0.13,15.69,15.78,21167.17,23676.89,21875.72,0.53
000007,2017-09-06,15.7,15.7,15.55,15.43,11722.52,-0.08,-0.51,15.61,15.736,18069.97,23641.72,21504.4,0.38
000007,2017-09-07,15.48,15.55,15.22,15.2,26471.27,-0.33,-2.12,15.51,15.646,19205.21,23627.59,21481.87,0.86
000007,2017-09-08,15.17,15.53,15.48,14.97,27679.0,0.26,1.71,15.506,15.6,20288.45,24557.74,21891.46,0.9
000007,2017-09-11,15.44,15.47,15.3,15.2,15589.0,-0.18,-1.16,15.436,15.572,19573.36,22019.8,21812.67,0.5
000007,2017-09-12,15.3,15.7,15.66,15.2,34324.0,0.36,2.35,15.442,15.566,23157.16,22162.17,22997.93,1.11
000007,2017-09-13,15.55,15.62,15.59,15.44,14134.03,-0.07,-0.45,15.45,15.53,23639.46,20854.72,22381.39,0.46
000007,2017-09-14,15.59,15.59,15.57,15.39,16734.2,-0.02,-0.13,15.52,15.515,21692.05,20448.63,21977.03,0.54
000007,2017-09-15,15.45,15.55,15.42,15.35,13111.0,-0.15,-0.96,15.508,15.507,18778.45,19533.45,21660.94,0.42
000007,2017-09-18,15.43,15.69,15.58,15.32,12772.5,0.16,1.04,15.564,15.5,18215.15,18894.25,21412.7,0.41
000007,2017-09-19,15.6,16.19,15.82,15.44,25538.0,0.24,1.54,15.596,15.519,16457.95,19807.55,21742.22,0.83
000007,2017-09-20,15.8,15.89,15.72,15.66,15105.5,-0.1,-0.63,15.622,15.536,16652.24,20145.85,21893.78,0.49
000007,2017-09-21,15.66,15.76,15.49,15.45,12805.0,-0.23,-1.46,15.606,15.563,15866.4,18779.22,21203.41,0.41
000007,2017-09-22,15.62,15.79,15.51,15.43,16834.0,0.02,0.13,15.624,15.566,16611.0,17694.72,21126.23,0.54
000007,2017-09-25,15.51,15.52,15.3,15.2,15151.81,-0.21,-1.35,15.568,15.566,17086.86,17651.0,19835.4,0.49
000007,2017-09-26,15.2,16.53,16.26,15.2,49781.4,0.96,6.28,15.656,15.626,21935.54,19196.74,20679.46,1.61
000007,2017-09-27,16.6,16.65,16.62,16.2,43615.6,0.36,2.21,15.836,15.729,27637.56,22144.9,21499.81,1.41
000007,2017-09-28,16.62,17.25,16.6,16.46,48409.3,-0.02,-0.12,16.058,15.832,34758.42,25312.41,22880.52,1.57
000007,2017-09-29,16.6,17.1,16.66,16.33,23525.0,0.06,0.36,16.288,15.956,36096.62,26353.81,22943.63,0.76
000008,2017-08-01,7.54,7.6,7.59,7.44,71747.82,0.05,0.66,7.56,7.573,51276.8,70060.44,61785.59,0.36
000008,2017-08-02,7.56,7.66,7.52,7.5,62256.86,-0.07,-0.92,7.546,7.579,54326.57,67717.7,62375.79,0.31
000008,2017-08-03,7.51,7.58,7.5,7.46,55458.83,-0.02,-0.27,7.534,7.574,55633.38,63417.76,60552.27,0.28
000008,2017-08-04,7.5,7.54,7.5,7.43,61133.29,0.0,0.0,7.53,7.555,60200.08,56984.62,60876.5,0.31
000008,2017-08-07,7.5,7.53,7.51,7.46,31350.0,0.01,0.13,7.524,7.536,56389.36,52428.65,58586.27,0.16
000008,2017-08-08,7.51,7.73,7.72,7.47,133575.02,0.21,2.8,7.55,7.555,68754.8,60015.8,62842.16,0.67
000008,2017-08-09,7.69,7.74,7.7,7.64,66531.36,-0.02,-0.26,7.586,7.566,69609.7,61968.14,64101.69,0.33
000008,2017-08-10,7.7,7.72,7.64,7.54,60938.69,-0.06,-0.78,7.614,7.574,70705.67,63169.53,65473.68,0.3
000008,2017-08-11,7.6,7.82,7.75,7.55,127038.72,0.11,1.44,7.664,7.597,83886.76,72043.42,70394.52,0.63
000008,2017-08-14,7.71,8.34,8.15,7.71,192983.77,0.4,5.16,7.792,7.658,116213.51,86301.44,76448.76,0.96
000008,2017-08-15,8.0,8.18,7.96,7.95,140969.59,-0.19,-2.33,7.84,7.695,117692.43,93223.61,81642.03,0.7
000008,2017-08-16,7.98,8.12,8.09,7.95,158765.98,0.13,1.63,7.918,7.752,136139.35,102874.53,85296.11,0.79
000008,2017-08-17,8.07,8.08,8.03,7.96,102972.92,-0.06,-0.74,7.996,7.805,144546.2,107625.93,85521.85,0.51
000008,2017-08-18,8.02,8.05,8.0,7.91,92122.09,-0.03,-0.37,8.046,7.855,137562.87,110724.81,83854.72,0.46
000008,2017-08-21,8.06,8.25,8.19,8.06,120437.19,0.19,2.38,8.054,7.923,123053.55,119633.53,86031.09,0.6
000008,2017-08-22,8.23,8.28,8.11,8.08,86472.34,-0.08,-0.98,8.084,7.962,112154.1,114923.27,87469.53,0.43
000008,2017-08-23,8.05,8.1,8.05,8.01,43513.5,-0.06,-0.74,8.076,7.997,89103.61,112621.48,87294.81,0.22
000008,2017-08-24,8.05,8.26,8.1,8.04,83593.28,0.05,0.62,8.09,8.043,85227.68,114886.94,89028.23,0.42
000008,2017-08-25,8.13,8.16,8.11,8.03,61336.53,0.01,0.12,8.112,8.079,79070.57,108316.72,90180.07,0.31
000008,2017-08-28,8.15,8.17,8.15,8.08,77396.55,0.04,0.49,8.104,8.079,70462.44,96758.0,91529.72,0.39
000008,2017-08-29,8.15,8.15,7.99,7.96,100359.92,-0.16,-1.96,8.08,8.082,73239.96,92697.03,92960.32,0.5
000008,2017-08-30,7.98,8.04,8.02,7.96,76480.51,0.03,0.38,8.074,8.075,79833.36,84468.48,93671.5,0.38
000008,2017-08-31,8.04,8.06,8.06,7.94,137975.8,0.04,0.5,8.066,8.078,90709.86,87968.77,97797.35,0.69
000008,2017-09-01,8.02,8.04,7.98,7.95,83302.17,-0.08,-0.99,8.04,8.076,95102.99,87086.78,98905.8,0.42
000008,2017-09-04,7.94,8.07,8.05,7.93,71288.92,0.07,0.88,8.02,8.062,93881.46,82171.95,100902.74,0.36
000008,2017-09-05,8.05,8.27,8.26,8.04,176090.28,0.21,2.61,8.074,8.077,109027.54,91133.75,103028.51,0.88
000008,2017-09-06,8.25,8.26,8.16,8.13,111522.86,-0.1,-1.21,8.102,8.088,116036.01,97934.68,105278.08,0.56
000008,2017-09-07,8.15,8.24,8.23,8.15,66518.91,0.07,0.86,8.136,8.101,101744.63,96227.25,105557.09,0.33
000008,2017-09-08,8.23,8.49,8.36,8.18,143121.8,0.13,1.58,8.212,8.126,113708.55,104405.77,106361.25,0.71
000008,2017-09-11,8.4,8.48,8.43,8.31,93130.15,0.07,0.84,8.288,8.154,118076.8,105979.13,101368.56,0.46
000008,2017-09-12,8.42,8.5,8.39,8.32,70375.66,-0.04,-0.47,8.314,8.194,96933.88,102980.71,97838.87,0.35
000008,2017-09-13,8.39,8.41,8.32,8.26,66344.89,-0.07,-0.83,8.346,8.224,87898.28,101967.14,93217.81,0.33
000008,2017-09-14,8.32,8.48,8.46,8.29,103348.16,0.14,1.68,8.392,8.264,95264.13,98504.38,93236.58,0.52
000008,2017-09-15,8.46,8.96,8.95,8.4,283722.62,0.49,5.79,8.51,8.361,123384.3,118546.43,102816.6,1.42
000008,2017-09-19,9.25,9.32,9.26,8.87,420986.03,0.31,3.46,8.676,8.482,188955.47,153516.14,117844.04,2.1
000008,2017-09-20,9.26,9.35,9.2,9.05,206402.44,-0.06,-0.65,8.838,8.576,216160.83,156547.35,123840.55,1.03
000008,2017-09-21,9.12,9.2,9.14,8.96,104308.88,-0.06,-0.65,9.002,8.674,223753.63,155825.95,126880.32,0.52
000008,2017-09-22,9.09,9.12,9.1,8.87,118431.03,-0.04,-0.44,9.13,8.761,226770.2,161017.17,128622.21,0.59
000008,2017-09-25,9.09,9.13,8.92,8.81,57398.7,-0.18,-1.98,9.124,8.817,181505.42,152444.86,128425.31,0.29
000008,2017-09-26,8.89,8.94,8.74,8.65,78354.49,-0.18,-2.02,9.02,8.848,112979.11,150967.29,128473.21,0.39
000008,2017-09-27,8.82,8.82,8.62,8.58,83208.35,-0.12,-1.37,8.904,8.871,88340.29,152250.56,127615.63,0.42
000008,2017-09-28,8.69,8.75,8.62,8.61,81490.2,0.0,0.0,8.8,8.901,83776.55,153765.09,127866.12,0.41
000008,2017-09-29,8.61,9.05,9.03,8.61,135593.89,0.41,4.76,8.786,8.958,87209.13,156989.66,127747.02,0.68
000008,2017-10-09,9.02,9.15,9.11,9.0,87631.42,0.08,0.89,8.824,8.974,93255.67,137380.54,127963.48,0.44
000008,2017-10-10,9.15,9.2,9.17,9.05,92097.42,0.06,0.66,8.91,8.965,96004.26,104491.68,129003.91,0.46
000008,2017-10-11,9.19,9.19,9.05,8.99,78046.75,-0.12,-1.31,8.996,8.95,94971.94,91656.11,124101.73,0.39
000008,2017-10-12,9.04,9.16,9.12,8.81,87462.41,0.07,0.77,9.096,8.948,96166.38,89971.47,122898.71,0.44
000008,2017-10-13,9.03,9.11,9.0,8.95,56935.38,-0.12,-1.32,9.09,8.938,80434.68,83821.9,122419.53,0.29
000008,2017-10-16,8.99,9.25,9.2,8.99,144321.59,0.2,2.22,9.108,8.966,91772.71,92514.19,122479.52,0.73
000008,2017-10-17,9.23,9.28,9.19,9.1,64607.84,-0.01,-0.11,9.112,9.011,86274.79,91139.53,121053.41,0.32
000008,2017-10-18,9.22,9.26,9.22,9.15,68319.39,0.03,0.33,9.146,9.071,84329.32,89650.63,120950.59,0.34
000008,2017-10-19,9.21,9.21,9.05,9.0,79360.0,-0.17,-1.84,9.132,9.114,82708.84,89437.61,121601.35,0.4
000008,2017-10-20,9.04,9.04,8.94,8.77,69071.36,-0.11,-1.22,9.12,9.105,85136.04,82785.36,119887.51,0.35
000008,2017-10-23,8.94,8.97,8.87,8.81,36339.51,-0.07,-0.78,9.054,9.081,63539.62,77656.17,107518.35,0.18
000008,2017-10-24,8.87,8.94,8.88,8.81,37218.28,0.01,0.11,8.992,9.052,58061.71,72168.25,88329.97,0.19
000008,2017-10-25,8.88,8.94,8.92,8.85,37630.0,0.04,0.45,8.932,9.039,51923.83,68126.58,79891.34,0.19
000008,2017-10-26,8.94,9.73,9.46,8.92,288321.81,0.54,6.05,9.014,9.073,93716.19,88212.52,89091.99,1.45
000008,2017-10-27,9.35,9.35,9.23,9.09,194953.16,-0.23,-2.43,9.072,9.096,118892.55,102014.29,92918.1,0.98
000008,2017-10-30,9.22,9.36,9.29,9.0,200207.23,0.06,0.65,9.156,9.105,151666.1,107602.86,100058.52,1.01
000008,2017-10-31,9.3,9.34,9.18,9.09,105202.37,-0.11,-1.18,9.216,9.104,165262.91,111662.31,101400.92,0.53
000008,2017-11-01,9.15,9.22,9.16,9.09,81144.0,-0.02,-0.22,9.264,9.098,173965.71,112944.77,101297.7,0.41
000008,2017-11-02,9.17,9.22,9.17,9.1,98801.2,0.01,0.11,9.206,9.11,136061.59,114888.89,102163.25,0.5
000008,2017-11-03,9.17,9.27,9.24,8.8,211391.08,0.07,0.76,9.208,9.14,139349.18,129120.86,105953.11,1.06
000008,2017-11-06,9.2,9.26,9.19,9.09,86248.26,-0.05,-0.54,9.188,9.172,116557.38,134111.74,105883.95,0.43
000008,2017-11-07,9.2,9.24,9.11,9.1,56060.0,-0.08,-0.87,9.174,9.195,106728.91,135995.91,104082.08,0.28
000008,2017-11-08,9.11,9.15,8.96,8.91,86593.92,-0.15,-1.65,9.134,9.199,107818.89,140892.3,104509.44,0.44
000008,2017-11-09,8.96,8.96,8.91,8.85,52108.58,-0.05,-0.56,9.082,9.144,98480.37,117270.98,102741.75,0.26
000008,2017-11-10,8.91,9.02,9.01,8.85,56698.75,0.1,1.12,9.036,9.122,67541.9,103445.54,102729.92,0.29
000009,2017-08-01,9.4,9.43,9.19,9.06,1106980.88,-0.36,-3.77,8.994,8.661,1084324.42,806377.72,618113.77,5.22
000009,2017-08-02,9.24,9.56,9.2,9.13,1045226.75,0.01,0.11,9.12,8.783,1155189.08,877323.62,637313.57,4.93
000009,2017-08-03,9.1,9.12,9.08,8.88,693921.12,-0.12,-1.3,9.254,8.862,1211029.43,871858.16,644225.29,3.27
000009,2017-08-04,9.06,9.22,8.72,8.7,844009.25,-0.36,-3.96,9.148,8.897,1082768.4,902148.02,649226.67,3.98
000009,2017-08-07,8.7,8.85,8.84,8.65,374078.28,0.12,1.38,9.006,8.926,812843.26,880080.49,641252.73,1.76
000009,2017-08-08,8.82,9.06,8.9,8.76,469635.38,0.06,0.68,8.948,8.971,685374.16,884849.29,643157.83,2.22
000009,2017-08-09,8.85,8.93,8.91,8.67,381835.75,0.01,0.11,8.89,9.005,552695.96,853942.52,647336.05,1.8
000009,2017-08-10,8.83,8.89,8.7,8.65,329820.31,-0.21,-2.36,8.814,9.034,479875.79,845452.61,652604.26,1.56
000009,2017-08-11,8.6,8.65,8.39,8.34,401785.53,-0.31,-3.56,8.748,8.948,391431.05,737099.73,663294.16,1.9
000009,2017-08-14,8.4,8.55,8.53,8.4,228751.48,0.14,1.67,8.686,8.846,362365.69,587604.47,651816.61,1.08
000009,2017-08-15,8.53,8.79,8.7,8.49,369302.91,0.17,1.99,8.646,8.797,342299.2,513836.68,660107.2,1.74
000009,2017-08-16,8.65,8.65,8.46,8.37,376970.44,-0.22,-2.54,8.556,8.723,341326.13,447011.05,662167.33,1.78
000009,2017-08-17,8.5,8.68,8.5,8.47,271360.59,0.04,0.47,8.516,8.665,329634.19,404754.99,638306.57,1.28
000009,2017-08-18,8.41,8.5,8.45,8.38,190832.52,-0.05,-0.59,8.528,8.638,287443.59,339437.32,620792.67,0.9
000009,2017-08-21,8.45,8.59,8.56,8.44,205897.41,0.11,1.3,8.534,8.61,282872.77,322619.23,601349.86,0.97
000009,2017-08-22,8.54,8.63,8.49,8.44,232950.92,-0.07,-0.82,8.492,8.569,255602.38,298950.79,591900.04,1.1
000009,2017-08-23,8.47,8.87,8.61,8.47,470125.41,0.12,1.41,8.522,8.539,274233.37,307779.75,580861.13,2.22
000009,2017-08-24,8.55,8.6,8.53,8.48,286525.06,-0.08,-0.93,8.528,8.522,277266.26,303450.23,574451.42,1.35
000009,2017-08-25,8.54,8.62,8.58,8.4,208695.31,0.05,0.59,8.554,8.541,280838.82,284141.21,510620.47,0.98
000009,2017-08-28,8.58,8.68,8.64,8.52,273532.41,0.06,0.7,8.57,8.552,294365.82,288619.3,438111.89,1.29
000009,2017-08-29,8.64,8.84,8.76,8.58,363763.47,0.12,1.39,8.624,8.558,320528.33,288065.35,400951.02,1.72
000009,2017-08-30,8.77,8.77,8.65,8.6,331406.03,-0.11,-1.26,8.632,8.577,292784.46,283508.91,365259.98,1.56
000009,2017-08-31,8.65,8.68,8.58,8.5,259611.44,-0.07,-0.81,8.642,8.585,287401.73,282334.0,343544.5,1.22
000009,2017-09-01,8.55,8.67,8.59,8.51,293673.25,0.01,0.12,8.644,8.599,304397.32,292618.07,316027.7,1.39
000009,2017-09-04,8.54,8.77,8.72,8.53,373405.44,0.13,1.51,8.66,8.615,324371.93,309368.87,315994.05,1.76
000009,2017-09-05,8.7,8.88,8.82,8.57,579432.5,0.1,1.15,8.672,8.648,367505.73,344017.03,321483.91,2.73
000009,2017-09-06,8.81,9.22,8.99,8.75,796992.19,0.17,1.93,8.74,8.686,460622.96,376703.71,342241.73,3.76
000009,2017-09-07,9.0,9.16,8.97,8.88,593291.56,-0.02,-0.22,8.818,8.73,527358.99,407380.36,355415.29,2.8
000009,2017-09-08,8.92,9.27,9.21,8.86,817669.94,0.24,2.68,8.942,8.793,632158.33,468277.82,376209.51,3.86
000009,2017-09-11,9.22,9.64,9.49,9.16,1131820.38,0.28,3.04,9.096,8.878,783841.31,554106.62,421362.96,5.34
000009,2017-09-12,9.42,9.98,9.4,9.38,1451206.25,-0.09,-0.95,9.212,8.942,958196.06,662850.9,475458.13,6.85
000009,2017-09-13,9.5,9.9,9.65,9.32,1013576.31,0.25,2.66,9.344,9.042,1001512.89,731067.93,507288.42,4.78
000009,2017-09-14,9.68,9.8,9.41,9.37,945477.44,-0.24,-2.49,9.432,9.125,1071950.06,799654.53,540994.26,4.46
000009,2017-09-15,9.45,9.59,9.46,9.2,665770.44,0.05,0.53,9.482,9.212,1041570.16,836864.25,564741.16,3.14
000009,2017-09-18,9.44,9.8,9.64,9.42,804582.25,0.18,1.9,9.512,9.304,976122.54,879981.93,594675.4,3.8
000009,2017-09-19,9.64,9.68,9.4,9.35,608888.44,-0.24,-2.49,9.512,9.362,807658.98,882927.52,613472.28,2.87
000009,2017-09-20,9.42,9.62,9.5,9.28,559433.38,0.1,1.06,9.482,9.413,716830.39,859171.64,617937.67,2.64
000009,2017-09-21,9.53,9.61,9.3,9.3,476121.84,-0.2,-2.1,9.46,9.446,622959.27,847454.67,627417.51,2.25
000009,2017-09-22,9.27,9.35,9.12,9.04,469067.16,-0.18,-1.94,9.392,9.437,583618.61,812594.39,640436.11,2.21
000009,2017-09-25,9.13,9.14,8.85,8.83,387339.19,-0.27,-2.96,9.234,9.373,500170.0,738146.27,646126.44,1.83
000009,2017-09-26,8.88,9.04,8.95,8.88,273948.5,0.1,1.13,9.144,9.328,433182.01,620420.49,641635.7,1.29
000009,2017-09-27,9.03,9.2,9.03,8.98,363866.72,0.08,0.89,9.05,9.266,394068.68,555449.54,643258.73,1.72
000009,2017-09-28,9.0,9.16,8.99,8.97,305821.53,-0.04,-0.44,8.988,9.224,360008.62,491483.94,645569.24,1.44
000009,2017-09-29,9.03,9.1,8.99,8.95,231593.55,0.0,0.0,8.962,9.177,312513.9,448066.26,642465.25,1.09
000009,2017-10-09,9.12,9.28,9.18,9.05,390591.38,0.19,2.11,9.028,9.131,313164.34,406667.17,643324.55,1.84
000009,2017-10-10,9.17,9.25,9.22,9.12,286033.31,0.04,0.44,9.082,9.113,315581.3,374381.66,628654.59,1.35
000009,2017-10-11,9.19,9.2,8.98,8.92,360310.41,-0.24,-2.6,9.072,9.061,314870.04,354469.36,606820.5,1.7
000009,2017-10-12,8.97,9.03,8.83,8.79,276499.0,-0.15,-1.67,9.04,9.014,309005.53,334507.08,590980.87,1.3
000009,2017-10-13,8.84,9.0,8.91,8.84,163332.02,0.08,0.91,9.024,8.993,295353.22,303933.56,558263.98,0.77
000009,2017-10-16,8.95,9.0,8.74,8.68,283683.28,-0.17,-1.91,8.936,8.982,273971.6,293567.97,515857.12,1.34
000009,2017-10-17,8.76,8.76,8.61,8.6,210373.0,-0.13,-1.49,8.814,8.948,258839.54,287210.42,453815.46,0.99
000009,2017-10-18,8.65,8.71,8.51,8.47,181325.56,-0.1,-1.16,8.72,8.896,223042.57,268956.3,412202.92,0.86
000009,2017-10-19,8.53,8.59,8.31,8.25,246267.86,-0.2,-2.35,8.616,8.828,216996.34,263000.94,377242.44,1.16
000009,2017-10-20,8.31,8.44,8.43,8.3,120758.42,0.12,1.44,8.52,8.772,208481.62,251917.42,349991.84,0.57
000009,2017-10-23,8.44,8.59,8.51,8.43,136371.67,0.08,0.95,8.474,8.705,179019.3,226495.45,316581.31,0.64
000009,2017-10-24,8.48,8.53,8.47,8.37,121774.33,-0.04,-0.47,8.446,8.63,161299.57,210069.56,292225.61,0.57
000009,2017-10-25,8.48,8.54,8.52,8.44,120742.28,0.05,0.59,8.448,8.584,149182.91,186112.74,270291.05,0.57
000009,2017-10-26,8.51,8.65,8.6,8.44,206105.84,0.08,0.94,8.506,8.561,141150.51,179073.43,256790.25,0.97
000009,2017-10-27,8.6,8.6,8.43,8.39,185330.27,-0.17,-1.98,8.506,8.513,154064.88,181273.25,242603.41,0.87
000009,2017-10-30,8.42,8.42,8.09,7.98,274241.47,-0.34,-4.03,8.422,8.448,181638.84,180329.07,236948.52,1.29
000009,2017-10-31,8.09,8.19,8.15,8.05,151183.55,0.06,0.74,8.358,8.402,187520.68,174410.13,230810.27,0.71
000009,2017-11-01,8.16,8.18,8.09,8.03,162215.73,-0.06,-0.74,8.272,8.36,195815.37,172499.14,220727.72,0.77
000009,2017-11-02,8.05,8.06,7.96,7.92,180767.78,-0.13,-1.61,8.144,8.325,190747.76,165949.13,214475.04,0.85
000009,2017-11-03,7.96,7.98,7.77,7.66,217027.34,-0.19,-2.39,8.012,8.259,197087.17,175576.03,213746.73,1.02
000009,2017-11-06,7.77,7.86,7.83,7.73,118690.71,0.06,0.77,7.96,8.191,165977.02,173807.93,200151.69,0.56
000009,2017-11-07,7.83,7.88,7.88,7.79,132937.28,0.05,0.64,7.906,8.132,162327.77,174924.23,192496.89,0.63
000009,2017-11-08,7.89,8.11,8.04,7.8,240900.31,0.16,2.03,7.896,8.084,178064.68,186940.03,186526.38,1.14
000009,2017-11-09,8.02,8.04,8.01,7.97,149299.73,-0.03,-0.37,7.906,8.025,171771.07,181259.42,180166.42,0.7
000009,2017-11-10,8.01,8.1,8.05,8.01,143492.88,0.04,0.5,7.962,7.987,157064.18,177075.68,179174.46,0.68
